Date;Swap3M
12.01.1996;2100
15.01.1996;2210
16.01.1996;2260
17.01.1996;2330
18.01.1996;2320
19.01.1996;2220
22.01.1996;1970
23.01.1996;2070
24.01.1996;2160
25.01.1996;2030
26.01.1996;2150
29.01.1996;2280
30.01.1996;2380
31.01.1996;2260
01.02.1996;2270
02.02.1996;2310
05.02.1996;2330
06.02.1996;2280
07.02.1996;2350
08.02.1996;2170
09.02.1996;2130
12.02.1996;2210
13.02.1996;2130
14.02.1996;2070
15.02.1996;2050
16.02.1996;2070
19.02.1996;2190
20.02.1996;2070
21.02.1996;2070
22.02.1996;2010
23.02.1996;1840
26.02.1996;1820
27.02.1996;1610
28.02.1996;2000
29.02.1996;1870
01.03.1996;1920
04.03.1996;2180
05.03.1996;2140
06.03.1996;2160
07.03.1996;2160
08.03.1996;2150
11.03.1996;2260
12.03.1996;2140
13.03.1996;2190
14.03.1996;2410
15.03.1996;2390
18.03.1996;2330
19.03.1996;2260
20.03.1996;2440
21.03.1996;2340
22.03.1996;2340
25.03.1996;2330
26.03.1996;2350
27.03.1996;2450
28.03.1996;2440
29.03.1996;2290
01.04.1996;2240
02.04.1996;2230
03.04.1996;2170
04.04.1996;2080
05.04.1996;1960
08.04.1996;1980
09.04.1996;1910
10.04.1996;2040
11.04.1996;1900
12.04.1996;1850
15.04.1996;1960
16.04.1996;1950
17.04.1996;1950
18.04.1996;1990
19.04.1996;1960
22.04.1996;1990
23.04.1996;2040
24.04.1996;2020
25.04.1996;2060
26.04.1996;2050
29.04.1996;2030
30.04.1996;2030
01.05.1996;2030
02.05.1996;2040
03.05.1996;2040
06.05.1996;2190
07.05.1996;2280
08.05.1996;2240
09.05.1996;2250
10.05.1996;2250
13.05.1996;2380
14.05.1996;2450
15.05.1996;2500
16.05.1996;2360
17.05.1996;2500
20.05.1996;2490
21.05.1996;2450
22.05.1996;2730
23.05.1996;2710
24.05.1996;3030
27.05.1996;3420
28.05.1996;3360
29.05.1996;3270
30.05.1996;3290
31.05.1996;3260
03.06.1996;2670
04.06.1996;3410
05.06.1996;3430
06.06.1996;3390
07.06.1996;3300
10.06.1996;3840
11.06.1996;3680
13.06.1996;4280
14.06.1996;3790
17.06.1996;3810
18.06.1996;4060
19.06.1996;3840
20.06.1996;3620
21.06.1996;3650
24.06.1996;3630
25.06.1996;3620
26.06.1996;3550
27.06.1996;3550
28.06.1996;2240
01.07.1996;3470
02.07.1996;3530
03.07.1996;3530
04.07.1996;3690
05.07.1996;3630
08.07.1996;3770
09.07.1996;3770
10.07.1996;3630
11.07.1996;3570
12.07.1996;3590
15.07.1996;3600
16.07.1996;3360
17.07.1996;3410
18.07.1996;3520
19.07.1996;3360
22.07.1996;3410
23.07.1996;3450
24.07.1996;3300
25.07.1996;3530
26.07.1996;3430
29.07.1996;3610
30.07.1996;3450
31.07.1996;3360
01.08.1996;3200
02.08.1996;3270
05.08.1996;3250
06.08.1996;3250
07.08.1996;3140
08.08.1996;2990
09.08.1996;3410
12.08.1996;3240
13.08.1996;3310
14.08.1996;3290
15.08.1996;3440
16.08.1996;3370
19.08.1996;3370
20.08.1996;3900
21.08.1996;3730
22.08.1996;3790
23.08.1996;3930
26.08.1996;3920
27.08.1996;3560
28.08.1996;3450
29.08.1996;3500
30.08.1996;3470
02.09.1996;3460
03.09.1996;4340
04.09.1996;4300
05.09.1996;4320
06.09.1996;4250
09.09.1996;4220
10.09.1996;4260
11.09.1996;4240
12.09.1996;4210
13.09.1996;4150
16.09.1996;3410
17.09.1996;3350
18.09.1996;3290
19.09.1996;3240
20.09.1996;3260
23.09.1996;3300
24.09.1996;3510
25.09.1996;3540
26.09.1996;3430
27.09.1996;3530
30.09.1996;3460
01.10.1996;3360
02.10.1996;3690
03.10.1996;3500
04.10.1996;3500
07.10.1996;3510
08.10.1996;3480
09.10.1996;3460
10.10.1996;3190
11.10.1996;3150
14.10.1996;3150
15.10.1996;2390
16.10.1996;2550
17.10.1996;2540
18.10.1996;2560
21.10.1996;2560
22.10.1996;2550
23.10.1996;2490
24.10.1996;2460
25.10.1996;2380
28.10.1996;2410
29.10.1996;2440
30.10.1996;2380
31.10.1996;2400
01.11.1996;2340
04.11.1996;2310
05.11.1996;2340
06.11.1996;2110
07.11.1996;2110
08.11.1996;2120
11.11.1996;2130
12.11.1996;1880
13.11.1996;1810
14.11.1996;1780
15.11.1996;1720
18.11.1996;1760
19.11.1996;1720
20.11.1996;1570
21.11.1996;1420
22.11.1996;1390
25.11.1996;1540
26.11.1996;1400
27.11.1996;1470
28.11.1996;1440
29.11.1996;1500
02.12.1996;1520
03.12.1996;1470
04.12.1996;1540
05.12.1996;1370
06.12.1996;1350
09.12.1996;1340
10.12.1996;1340
11.12.1996;1260
12.12.1996;1250
13.12.1996;1270
16.12.1996;1290
17.12.1996;1350
18.12.1996;1330
19.12.1996;1280
20.12.1996;1320
23.12.1996;1350
24.12.1996;1280
25.12.1996;1270
26.12.1996;1240
27.12.1996;1180
30.12.1996;1130
31.12.1996;970
02.01.1997;950
03.01.1997;950
06.01.1997;1070
07.01.1997;1070
08.01.1997;1220
09.01.1997;-450
10.01.1997;1170
13.01.1997;1210
14.01.1997;1230
15.01.1997;1160
16.01.1997;1330
17.01.1997;1260
20.01.1997;1260
21.01.1997;1260
22.01.1997;1210
23.01.1997;1310
24.01.1997;1300
27.01.1997;1190
28.01.1997;1140
29.01.1997;1430
30.01.1997;1430
31.01.1997;1480
03.02.1997;1380
04.02.1997;1370
05.02.1997;1320
06.02.1997;1330
07.02.1997;1330
10.02.1997;300
11.02.1997;1310
12.02.1997;1290
13.02.1997;1460
14.02.1997;1470
17.02.1997;1470
18.02.1997;1420
19.02.1997;1420
20.02.1997;1350
21.02.1997;1350
24.02.1997;1340
25.02.1997;1430
26.02.1997;1360
27.02.1997;1340
28.02.1997;1320
03.03.1997;1250
04.03.1997;1330
05.03.1997;1340
06.03.1997;1370
07.03.1997;1330
10.03.1997;1330
11.03.1997;1390
12.03.1997;1590
13.03.1997;1510
14.03.1997;1520
17.03.1997;1530
18.03.1997;1480
19.03.1997;1380
20.03.1997;1390
21.03.1997;1460
24.03.1997;1430
25.03.1997;1340
26.03.1997;1310
27.03.1997;1260
28.03.1997;1280
31.03.1997;1270
01.04.1997;1180
02.04.1997;1180
03.04.1997;1130
04.04.1997;1200
07.04.1997;1190
08.04.1997;1140
09.04.1997;1150
10.04.1997;1580
11.04.1997;1440
14.04.1997;1500
15.04.1997;1480
16.04.1997;1410
17.04.1997;1470
18.04.1997;1430
21.04.1997;1490
22.04.1997;1380
23.04.1997;1470
24.04.1997;1510
25.04.1997;1550
28.04.1997;1540
29.04.1997;1550
30.04.1997;1350
01.05.1997;1350
02.05.1997;1370
05.05.1997;1410
06.05.1997;1390
07.05.1997;1460
08.05.1997;1410
09.05.1997;1410
12.05.1997;1450
13.05.1997;1410
14.05.1997;1360
15.05.1997;1380
16.05.1997;1360
19.05.1997;1410
20.05.1997;1440
21.05.1997;1400
22.05.1997;1430
23.05.1997;1410
26.05.1997;1410
27.05.1997;1360
28.05.1997;1310
29.05.1997;780
30.05.1997;900
02.06.1997;730
03.06.1997;830
04.06.1997;940
05.06.1997;860
06.06.1997;950
09.06.1997;890
10.06.1997;900
11.06.1997;880
12.06.1997;880
13.06.1997;880
16.06.1997;900
17.06.1997;890
18.06.1997;900
19.06.1997;900
20.06.1997;890
23.06.1997;900
24.06.1997;870
25.06.1997;860
26.06.1997;870
27.06.1997;840
30.06.1997;780
01.07.1997;660
02.07.1997;700
03.07.1997;610
04.07.1997;830
07.07.1997;800
08.07.1997;890
09.07.1997;960
10.07.1997;990
11.07.1997;990
14.07.1997;1010
15.07.1997;1020
16.07.1997;840
17.07.1997;960
18.07.1997;960
21.07.1997;950
22.07.1997;920
23.07.1997;930
24.07.1997;840
25.07.1997;840
28.07.1997;820
29.07.1997;780
30.07.1997;770
31.07.1997;710
01.08.1997;820
04.08.1997;820
05.08.1997;790
06.08.1997;1780
07.08.1997;1720
08.08.1997;950
11.08.1997;980
12.08.1997;970
13.08.1997;970
14.08.1997;930
15.08.1997;880
18.08.1997;910
19.08.1997;980
20.08.1997;940
21.08.1997;900
22.08.1997;900
25.08.1997;870
26.08.1997;830
27.08.1997;870
28.08.1997;820
29.08.1997;770
01.09.1997;740
02.09.1997;730
03.09.1997;990
04.09.1997;1020
05.09.1997;1010
08.09.1997;990
09.09.1997;970
10.09.1997;1010
11.09.1997;1000
12.09.1997;930
15.09.1997;940
16.09.1997;913
17.09.1997;877
18.09.1997;860
19.09.1997;920
22.09.1997;900
23.09.1997;880
24.09.1997;845
25.09.1997;950
03.10.1997;850
06.10.1997;970
07.10.1997;970
08.10.1997;1000
09.10.1997;950
10.10.1997;920
13.10.1997;1030
14.10.1997;920
15.10.1997;910
16.10.1997;920
17.10.1997;990
20.10.1997;1020
21.10.1997;1020
22.10.1997;1140
23.10.1997;1010
24.10.1997;1050
27.10.1997;880
28.10.1997;570
29.10.1997;880
30.10.1997;770
31.10.1997;830
03.11.1997;890
04.11.1997;890
05.11.1997;930
06.11.1997;860
07.11.1997;860
10.11.1997;1040
25.11.1997;1110
26.11.1997;1110
27.11.1997;1120
28.11.1997;1080
01.12.1997;800
02.12.1997;950
03.12.1997;1170
04.12.1997;1250
05.12.1997;1260
08.12.1997;1240
09.12.1997;1220
10.12.1997;1180
11.12.1997;1150
12.12.1997;1180
15.12.1997;1300
16.12.1997;1370
17.12.1997;1390
18.12.1997;1290
19.12.1997;1400
22.12.1997;1310
23.12.1997;1250
05.01.1998;830
06.01.1998;915
07.01.1998;915
08.01.1998;1005
09.01.1998;1110
12.01.1998;1225
13.01.1998;1260
14.01.1998;1275
15.01.1998;1145
16.01.1998;1390
19.01.1998;2480
20.01.1998;1480
21.01.1998;1390
22.01.1998;1410
23.01.1998;1560
26.01.1998;1500
27.01.1998;1685
28.01.1998;1640
29.01.1998;1805
30.01.1998;1880
02.02.1998;2130
03.02.1998;1395
04.02.1998;1460
06.02.1998;1430
09.02.1998;1740
10.02.1998;1630
11.02.1998;1490
12.02.1998;1503
13.02.1998;1555
16.02.1998;1495
17.02.1998;1455
18.02.1998;1500
19.02.1998;1705
20.02.1998;1613
24.02.1998;1235
25.02.1998;1255
26.02.1998;1160
27.02.1998;1120
03.03.1998;1015
04.03.1998;1120
06.03.1998;1045
10.03.1998;1155
12.03.1998;1080
13.03.1998;1020
16.03.1998;1083
19.03.1998;1400
20.03.1998;1200
23.03.1998;1290
24.03.1998;1315
26.03.1998;1290
27.03.1998;1310
31.03.1998;1225
01.04.1998;1230
02.04.1998;1030
03.04.1998;1360
06.04.1998;1978
07.04.1998;1718
08.04.1998;1430
10.04.1998;1680
13.04.1998;1730
15.04.1998;1690
16.04.1998;1690
17.04.1998;1880
20.04.1998;1985
22.04.1998;1850
23.04.1998;1827
27.04.1998;1680
29.04.1998;1800
05.05.1998;1800
06.05.1998;2005
12.05.1998;2160
13.05.1998;2325
14.05.1998;2740
15.05.1998;2515
18.05.1998;3400
19.05.1998;3470
20.05.1998;2920
21.05.1998;3180
22.05.1998;3080
25.05.1998;3120
26.05.1998;3800
27.05.1998;4670
28.05.1998;4200
29.05.1998;5130
01.06.1998;5700
02.06.1998;4420
03.06.1998;3390
04.06.1998;5730
09.06.1998;3235
10.06.1998;4500
11.06.1998;4600
15.06.1998;5880
17.06.1998;5020
18.06.1998;3890
19.06.1998;4390
22.06.1998;4905
23.06.1998;4760
24.06.1998;4010
25.06.1998;3930
26.06.1998;4950
29.06.1998;4790
30.06.1998;7210
02.07.1998;6210
06.07.1998;6135
08.07.1998;5600
09.07.1998;6610
10.07.1998;6565
13.07.1998;6210
15.07.1998;4000
16.07.1998;4050
17.07.1998;3630
20.07.1998;3210
21.07.1998;3190
22.07.1998;3710
23.07.1998;3900
24.07.1998;4305
27.07.1998;4080
29.07.1998;4230
31.07.1998;3895
03.08.1998;4720
04.08.1998;4380
07.08.1998;5120
10.08.1998;5290
10.02.2000;10300
11.02.2000;10900
14.02.2000;11200
15.02.2000;9500
16.02.2000;8300
17.02.2000;7800
18.02.2000;10289
22.02.2000;10600
23.02.2000;10600
24.02.2000;7900
25.02.2000;7100
28.02.2000;7400
29.02.2000;8200
01.03.2000;8100
02.03.2000;7400
03.03.2000;9000
06.03.2000;7500
07.03.2000;7350
09.03.2000;7800
13.03.2000;8000
14.03.2000;8100
15.03.2000;8200
16.03.2000;8200
20.03.2000;7300
21.03.2000;7500
22.03.2000;7300
23.03.2000;7000
27.03.2000;7500
28.03.2000;7700
29.03.2000;8200
30.03.2000;8700
31.03.2000;9100
03.04.2000;6100
04.04.2000;6200
05.04.2000;6300
06.04.2000;6200
10.04.2000;6400
11.04.2000;5700
12.04.2000;6100
14.04.2000;5700
17.04.2000;7700
18.04.2000;7600
19.04.2000;7400
20.04.2000;7000
25.04.2000;11300
26.04.2000;12300
27.04.2000;8100
28.04.2000;8200
03.05.2000;7900
04.05.2000;6900
05.05.2000;6600
10.05.2000;6600
11.05.2000;6300
15.05.2000;4900
17.05.2000;4600
18.05.2000;5900
19.05.2000;5600
22.05.2000;5850
23.05.2000;5500
24.05.2000;5500
25.05.2000;5800
26.05.2000;8600
30.05.2000;7100
31.05.2000;6975
01.06.2000;7000
02.06.2000;7200
05.06.2000;7200
07.06.2000;7100
08.06.2000;7250
13.06.2000;6300
14.06.2000;5800
15.06.2000;5700
16.06.2000;4900
19.06.2000;5100
20.06.2000;5800
21.06.2000;5700
22.06.2000;5600
23.06.2000;5800
26.06.2000;5725
27.06.2000;5800
28.06.2000;5600
29.06.2000;5900
30.06.2000;5700
03.07.2000;5900
04.07.2000;5900
05.07.2000;5500
06.07.2000;4600
07.07.2000;3775
10.07.2000;3200
11.07.2000;3500
12.07.2000;2825
13.07.2000;1755
14.07.2000;1780
17.07.2000;1475
19.07.2000;1360
20.07.2000;475
21.07.2000;900
24.07.2000;1385
25.07.2000;910
26.07.2000;1600
27.07.2000;1670
28.07.2000;3300
31.07.2000;3400
01.08.2000;1620
02.08.2000;3080
03.08.2000;1930
04.08.2000;2050
07.08.2000;2330
08.08.2000;3230
09.08.2000;1870
10.08.2000;3470
11.08.2000;2940
14.08.2000;1800
15.08.2000;2920
16.08.2000;2790
17.08.2000;1760
18.08.2000;1770
21.08.2000;1930
22.08.2000;2920
23.08.2000;2150
24.08.2000;2070
25.08.2000;2120
28.08.2000;2030
29.08.2000;2090
30.08.2000;2210
31.08.2000;3050
01.09.2000;2160
04.09.2000;1980
05.09.2000;960
06.09.2000;1230
07.09.2000;2160
08.09.2000;2190
12.09.2000;2870
13.09.2000;4470
14.09.2000;5820
15.09.2000;1180
18.09.2000;4140
19.09.2000;4690
20.09.2000;1150
21.09.2000;1400
22.09.2000;910
25.09.2000;4300
26.09.2000;1270
27.09.2000;1290
28.09.2000;1360
29.09.2000;4280
02.10.2000;2070
03.10.2000;1170
04.10.2000;1070
05.10.2000;2360
09.10.2000;28.23
10.10.2000;2296
11.10.2000;2291
12.10.2000;2295
13.10.2000;2293
16.10.2000;2289
17.10.2000;2289
18.10.2000;2296
19.10.2000;2297
20.10.2000;2298
23.10.2000;2297
24.10.2000;2295
25.10.2000;2296
26.10.2000;2296
27.10.2000;2290
30.10.2000;2290
31.10.2000;2292
01.11.2000;2290
08.11.2000;2284
09.11.2000;2281
13.11.2000;2282
14.11.2000;2280
15.11.2000;2278
16.11.2000;2286
20.11.2000;2289
21.11.2000;2289
22.11.2000;2295
24.11.2000;2292
27.11.2000;2291
28.11.2000;2292
29.11.2000;2291
04.12.2000;2297
05.12.2000;2297
06.12.2000;2297
08.12.2000;2301
14.12.2000;2298
18.12.2000;2301
19.12.2000;2299
20.12.2000;2300
25.12.2000;2304
26.12.2000;2314
27.12.2000;2333
28.12.2000;2351
29.12.2000;2343
04.01.2001;2335
05.01.2001;3030
09.01.2001;3030
10.01.2001;3033
11.01.2001;3024
12.01.2001;2991
15.01.2001;3683
16.01.2001;-3058
17.01.2001;3033
18.01.2001;3027
19.01.2001;3027
22.01.2001;3032
24.01.2001;3034
25.01.2001;3029
26.01.2001;3028
30.01.2001;3032
06.02.2001;3040
08.02.2001;3245
09.02.2001;3256
12.02.2001;3259
13.02.2001;3262
14.02.2001;3260
16.02.2001;2548
19.02.2001;2547
20.02.2001;2549
21.02.2001;4680
22.02.2001;4680
23.02.2001;3971
26.02.2001;3983
27.02.2001;3978
28.02.2001;4259
01.03.2001;4255
02.03.2001;5676
05.03.2001;5680
06.03.2001;4966
07.03.2001;5678
13.03.2001;5678
14.03.2001;5679
15.03.2001;5679
16.03.2001;5678
19.03.2001;5672
21.03.2001;5813
22.03.2001;5830
23.03.2001;5838
26.03.2001;5835
27.03.2001;5839
28.03.2001;5838
29.03.2001;5840
02.04.2001;5838
03.04.2001;5857
04.04.2001;5861
05.04.2001;5860
06.04.2001;5142
10.04.2001;5131
11.04.2001;4424
12.04.2001;4423
13.04.2001;4421
17.04.2001;4429
18.04.2001;4431
19.04.2001;6218
20.04.2001;6208
27.04.2001;6205
03.05.2001;6218
04.05.2001;5505
07.05.2001;5722
08.05.2001;5717
10.05.2001;5719
14.05.2001;5734
16.05.2001;5776
17.05.2001;5781
21.05.2001;5784
22.05.2001;5780
24.05.2001;5782
30.05.2001;5786
31.05.2001;5788
01.06.2001;5794
06.06.2001;5798
07.06.2001;5795
08.06.2001;5794
13.06.2001;5784
14.06.2001;6508
15.06.2001;6510
18.06.2001;6772
20.06.2001;6051
22.06.2001;6773
29.06.2001;6773
03.07.2001;6772
10.07.2001;6805
17.07.2001;6800
19.07.2001;6084
23.07.2001;6084
24.07.2001;6082
25.07.2001;6084
26.07.2001;6074
27.07.2001;6080
30.07.2001;6080
31.07.2001;6086
01.08.2001;6097
02.08.2001;6095
03.08.2001;6097
06.08.2001;6101
07.08.2001;6093
08.08.2001;6091
09.08.2001;6097
13.08.2001;6171
16.08.2001;6175
17.08.2001;6968
20.08.2001;6941
21.08.2001;6844
22.08.2001;6858
23.08.2001;6830
24.08.2001;3876
27.08.2001;3873
28.08.2001;3874
29.08.2001;4598
30.08.2001;4608
31.08.2001;6264
03.09.2001;4607
04.09.2001;3270
05.09.2001;3270
06.09.2001;3268
07.09.2001;3267
10.09.2001;3269
11.09.2001;3269
12.09.2001;3270
13.09.2001;3270
14.09.2001;3269
17.09.2001;3268
18.09.2001;3632
19.09.2001;3631
20.09.2001;3629
21.09.2001;3627
24.09.2001;3629
25.09.2001;3630
26.09.2001;3627
27.09.2001;3631
28.09.2001;3631
01.10.2001;3631
02.10.2001;3634
03.10.2001;3819
04.10.2001;7357
05.10.2001;3821
08.10.2001;3819
09.10.2001;3823
10.10.2001;3824
11.10.2001;3825
12.10.2001;3821
15.10.2001;3821
16.10.2001;3825
17.10.2001;7130
18.10.2001;3827
19.10.2001;3826
22.10.2001;7212
23.10.2001;3828
24.10.2001;3830
25.10.2001;3836
26.10.2001;3845
29.10.2001;3845
30.10.2001;3845
31.10.2001;3845
01.11.2001;3851
02.11.2001;3852
05.11.2001;3850
06.11.2001;3850
08.11.2001;4034
09.11.2001;4033
12.11.2001;4033
13.11.2001;8154
14.11.2001;4038
15.11.2001;4044
16.11.2001;4045
19.11.2001;4054
20.11.2001;8162
21.11.2001;7754
22.11.2001;8493
23.11.2001;8495
27.11.2001;8211
28.11.2001;8490
29.11.2001;8493
30.11.2001;8206
03.12.2001;8211
04.12.2001;8494
05.12.2001;8963
06.12.2001;9117
07.12.2001;8522
10.12.2001;8538
11.12.2001;9242
13.12.2001;9312
14.12.2001;9303
17.12.2001;8626
18.12.2001;8591
19.12.2001;10816
20.12.2001;8203
21.12.2001;8199
24.12.2001;8178
25.12.2001;8178
26.12.2001;8180
27.12.2001;8218
28.12.2001;8245
03.01.2002;10141
04.01.2002;6024
08.01.2002;6028
09.01.2002;8616
10.01.2002;8599
11.01.2002;8593
14.01.2002;3758
15.01.2002;3766
16.01.2002;3765
17.01.2002;6035
18.01.2002;6036
21.01.2002;6036
22.01.2002;7869
23.01.2002;6030
24.01.2002;5098
25.01.2002;10187
28.01.2002;10184
29.01.2002;5162
30.01.2002;5168
31.01.2002;5171
01.02.2002;5173
04.02.2002;9443
05.02.2002;5175
06.02.2002;9444
07.02.2002;5177
08.02.2002;5177
11.02.2002;9472
12.02.2002;5193
13.02.2002;5195
14.02.2002;9475
15.02.2002;9484
18.02.2002;5197
19.02.2002;5204
20.02.2002;5198
21.02.2002;5200
22.02.2002;5203
26.02.2002;9500
27.02.2002;5212
28.02.2002;5215
01.03.2002;5221
04.03.2002;5219
05.03.2002;5220
06.03.2002;5222
07.03.2002;6001
11.03.2002;4845
12.03.2002;4845
13.03.2002;9464
14.03.2002;9470
15.03.2002;4846
18.03.2002;4855
19.03.2002;4855
20.03.2002;4857
21.03.2002;4854
22.03.2002;4858
25.03.2002;4859
26.03.2002;4858
27.03.2002;4848
28.03.2002;4857
29.03.2002;9504
01.04.2002;9495
02.04.2002;4861
03.04.2002;9501
04.04.2002;4864
05.04.2002;9507
08.04.2002;4863
09.04.2002;8717
10.04.2002;8723
11.04.2002;4863
12.04.2002;8717
15.04.2002;4860
16.04.2002;8709
17.04.2002;4857
18.04.2002;4862
19.04.2002;4859
22.04.2002;4857
23.04.2002;9489
25.04.2002;4865
26.04.2002;4863
30.04.2002;9501
06.05.2002;9592
07.05.2002;9589
08.05.2002;9586
13.05.2002;9595
14.05.2002;9601
16.05.2002;9604
17.05.2002;9601
20.05.2002;9599
21.05.2002;4872
22.05.2002;9601
23.05.2002;8827
24.05.2002;4878
27.05.2002;8833
28.05.2002;8754
29.05.2002;8756
30.05.2002;8751
31.05.2002;8364
03.06.2002;7975
04.06.2002;3321
05.06.2002;3323
06.06.2002;7995
07.06.2002;3329
10.06.2002;7998
11.06.2002;7995
13.06.2002;7990
14.06.2002;8075
17.06.2002;8077
18.06.2002;8083
19.06.2002;3332
20.06.2002;8085
21.06.2002;8095
25.06.2002;8090
26.06.2002;3335
27.06.2002;8085
28.06.2002;8101
01.07.2002;8103
02.07.2002;8106
05.07.2002;3342
08.07.2002;3344
09.07.2002;3346
10.07.2002;3345
11.07.2002;3348
12.07.2002;3342
15.07.2002;3340
16.07.2002;3343
17.07.2002;3345
18.07.2002;3345
19.07.2002;3344
22.07.2002;8108
23.07.2002;8098
24.07.2002;8106
25.07.2002;3342
26.07.2002;8098
29.07.2002;8088
30.07.2002;8484
31.07.2002;7706
01.08.2002;7718
02.08.2002;7721
05.08.2002;7718
06.08.2002;7716
07.08.2002;7721
08.08.2002;7731
09.08.2002;7728
12.08.2002;7721
13.08.2002;7714
14.08.2002;7721
15.08.2002;7728
16.08.2002;7718
19.08.2002;7721
20.08.2002;7726
21.08.2002;1772
22.08.2002;1772
23.08.2002;1772
26.08.2002;7726
27.08.2002;7723
28.08.2002;1772
29.08.2002;7726
30.08.2002;7728
03.09.2002;7738
04.09.2002;7736
09.09.2002;1775
10.09.2002;7740
11.09.2002;7743
12.09.2002;1776
13.09.2002;7740
16.09.2002;7738
17.09.2002;7736
18.09.2002;7740
19.09.2002;7741
20.09.2002;1776
23.09.2002;7738
24.09.2002;7740
25.09.2002;7739
26.09.2002;7740
27.09.2002;7748
30.09.2002;7755
01.10.2002;1779
02.10.2002;8943
03.10.2002;1778
04.10.2002;8940
08.10.2002;8942
09.10.2002;8943
10.10.2002;1778
11.10.2002;1778
14.10.2002;1778
15.10.2002;1778
16.10.2002;10131
17.10.2002;10924
21.10.2002;10937
22.10.2002;10936
24.10.2002;10937
25.10.2002;10943
28.10.2002;1781
29.10.2002;1781
30.10.2002;1782
31.10.2002;1784
01.11.2002;9929
04.11.2002;1783
05.11.2002;1785
11.11.2002;10154
12.11.2002;1786
13.11.2002;1786
14.11.2002;10153
15.11.2002;1786
18.11.2002;9756
19.11.2002;1786
20.11.2002;1786
21.11.2002;9399
22.11.2002;1786
25.11.2002;9405
26.11.2002;1787
27.11.2002;9402
28.11.2002;9405
29.11.2002;9206
02.12.2002;11.18
03.12.2002;11.05
04.12.2002;10.89
05.12.2002;10.48
06.12.2002;9.97
09.12.2002;9.96
10.12.2002;9.99
11.12.2002;9.54
17.12.2002;8164
18.12.2002;1787
19.12.2002;1787
20.12.2002;1784
23.12.2002;1783
24.12.2002;1784
25.12.2002;1784
27.12.2002;8145
30.12.2002;8153
31.12.2002;1791
08.01.2003;1788
09.01.2003;6966
10.01.2003;1785
13.01.2003;4967
15.01.2003;1786
16.01.2003;1785
17.01.2003;1786
20.01.2003;4966
21.01.2003;1785
22.01.2003;1785
23.01.2003;5007
24.01.2003;5005
27.01.2003;1784
30.01.2003;1786
31.01.2003;5008
03.02.2003;5011
04.02.2003;1786
05.02.2003;5009
10.02.2003;1785
11.02.2003;1783
12.02.2003;1776
13.02.2003;4581
17.02.2003;2595
18.02.2003;1770
19.02.2003;1771
20.02.2003;1767
21.02.2003;1769
25.02.2003;1769
26.02.2003;1773
27.02.2003;1771
28.02.2003;1804
03.03.2003;1772
04.03.2003;1805
05.03.2003;1772
07.03.2003;1770
11.03.2003;1376
12.03.2003;1370
13.03.2003;1677
14.03.2003;1369
17.03.2003;1369
18.03.2003;1371
19.03.2003;1370
20.03.2003;1369
21.03.2003;2660
24.03.2003;1369
25.03.2003;3446
27.03.2003;1369
31.03.2003;1369
01.04.2003;2856
02.04.2003;1365
03.04.2003;1671
07.04.2003;1364
08.04.2003;1279
09.04.2003;1365
14.04.2003;1361
15.04.2003;1196
16.04.2003;1361
21.04.2003;1357
23.04.2003;975
24.04.2003;1000
25.04.2003;1400
28.04.2003;1220
29.04.2003;1200
30.04.2003;1170
02.05.2003;1582
05.05.2003;1180
06.05.2003;1357
07.05.2003;1200
08.05.2003;1357
12.05.2003;975
13.05.2003;610
14.05.2003;590
15.05.2003;615
16.05.2003;1025
19.05.2003;1015
20.05.2003;1030
21.05.2003;970
22.05.2003;1000
23.05.2003;1000
26.05.2003;1025
27.05.2003;450
28.05.2003;200
29.05.2003;250
30.05.2003;275
02.06.2003;250
03.06.2003;250
04.06.2003;400
05.06.2003;400
06.06.2003;571
09.06.2003;450
10.06.2003;100
11.06.2003;100
12.06.2003;100
13.06.2003;100
16.06.2003;150
17.06.2003;939
18.06.2003;725
19.06.2003;660
20.06.2003;540
23.06.2003;400
24.06.2003;400
25.06.2003;475
26.06.2003;400
27.06.2003;450
30.06.2003;1398
01.07.2003;200
03.07.2003;50
04.07.2003;-5050
07.07.2003;500
08.07.2003;-2525
09.07.2003;300
10.07.2003;300
11.07.2003;350
14.07.2003;300
15.07.2003;600
16.07.2003;2250
17.07.2003;1650
18.07.2003;1550
21.07.2003;1587
22.07.2003;1035
23.07.2003;1100
24.07.2003;1050
25.07.2003;1150
28.07.2003;1225
29.07.2003;1860
31.07.2003;1850
01.08.2003;1900
04.08.2003;2200
05.08.2003;2250
06.08.2003;-944
07.08.2003;2150
08.08.2003;2250
11.08.2003;189
12.08.2003;2247
13.08.2003;2247
14.08.2003;2194
15.08.2003;1800
18.08.2003;2236
19.08.2003;2236
20.08.2003;2234
21.08.2003;2235
22.08.2003;2175
25.08.2003;2235
26.08.2003;2609
27.08.2003;2616
28.08.2003;2150
29.08.2003;2250
01.09.2003;2200
02.09.2003;2000
03.09.2003;2025
04.09.2003;2950
05.09.2003;3050
08.09.2003;2900
09.09.2003;2300
10.09.2003;2950
11.09.2003;2900
12.09.2003;3800
15.09.2003;4500
16.09.2003;4450
17.09.2003;4500
18.09.2003;4500
19.09.2003;4550
22.09.2003;4450
23.09.2003;2700
24.09.2003;2750
25.09.2003;2750
26.09.2003;2825
29.09.2003;2750
30.09.2003;3300
01.10.2003;4100
02.10.2003;3650
03.10.2003;3325
06.10.2003;3300
07.10.2003;3310
08.10.2003;3300
09.10.2003;2100
10.10.2003;2200
13.10.2003;4025
14.10.2003;2100
15.10.2003;2102
16.10.2003;2550
17.10.2003;2560
20.10.2003;2450
21.10.2003;4527
22.10.2003;4489
23.10.2003;3362
24.10.2003;2550
27.10.2003;2900
28.10.2003;2900
29.10.2003;3766
30.10.2003;2900
31.10.2003;4450
03.11.2003;4500
04.11.2003;3950
05.11.2003;3600
06.11.2003;3625
07.11.2003;3725
10.11.2003;3550
11.11.2003;4322
12.11.2003;3600
13.11.2003;4100
14.11.2003;4260
17.11.2003;4100
18.11.2003;3350
19.11.2003;3000
20.11.2003;3050
21.11.2003;2900
24.11.2003;2800
25.11.2003;3714
26.11.2003;2050
27.11.2003;2100
28.11.2003;2100
01.12.2003;2075
02.12.2003;2100
03.12.2003;1350
04.12.2003;3524
05.12.2003;1425
08.12.2003;1300
09.12.2003;1000
10.12.2003;1000
11.12.2003;550
12.12.2003;650
15.12.2003;550
16.12.2003;575
17.12.2003;600
18.12.2003;550
19.12.2003;625
22.12.2003;550
23.12.2003;250
24.12.2003;1184
26.12.2003;200
30.12.2003;200
31.12.2003;1087
05.01.2004;-100
06.01.2004;-150
08.01.2004;904
09.01.2004;-1250
12.01.2004;-2300
13.01.2004;169
14.01.2004;-500
19.01.2004;-450
20.01.2004;-1550
21.01.2004;-1600
22.01.2004;-1600
27.01.2004;-800
28.01.2004;-2800
29.01.2004;-825
30.01.2004;-850
02.02.2004;-450
03.02.2004;-450
04.02.2004;-1300
05.02.2004;524
06.02.2004;-1250
09.02.2004;524
10.02.2004;167
11.02.2004;-1200
12.02.2004;-1200
13.02.2004;-1250
16.02.2004;-1200
17.02.2004;-1875
18.02.2004;-1875
19.02.2004;-1900
20.02.2004;-1900
23.02.2004;-1900
24.02.2004;-1250
25.02.2004;-800
26.02.2004;-175
27.02.2004;-450
01.03.2004;-450
02.03.2004;-500
03.03.2004;706
04.03.2004;250
05.03.2004;200
08.03.2004;200
09.03.2004;346
10.03.2004;175
11.03.2004;-100
12.03.2004;-100
15.03.2004;-100
16.03.2004;-100
17.03.2004;250
18.03.2004;0
19.03.2004;-100
22.03.2004;-75
23.03.2004;-100
24.03.2004;-400
25.03.2004;-450
26.03.2004;-300
29.03.2004;-300
30.03.2004;400
31.03.2004;100
01.04.2004;100
02.04.2004;100
05.04.2004;950
06.04.2004;1000
07.04.2004;524
08.04.2004;950
09.04.2004;650
12.04.2004;650
13.04.2004;600
14.04.2004;1700
15.04.2004;1650
16.04.2004;1700
19.04.2004;1650
20.04.2004;2750
21.04.2004;2800
22.04.2004;3100
23.04.2004;3600
26.04.2004;3500
27.04.2004;3500
28.04.2004;3244
29.04.2004;4200
30.04.2004;4250
03.05.2004;4150
04.05.2004;4150
05.05.2004;4200
06.05.2004;4200
07.05.2004;3650
10.05.2004;3650
11.05.2004;3621
12.05.2004;4100
13.05.2004;4100
14.05.2004;4600
17.05.2004;3800
18.05.2004;3800
19.05.2004;3550
20.05.2004;3550
21.05.2004;3700
24.05.2004;3550
25.05.2004;3600
26.05.2004;3600
27.05.2004;3800
28.05.2004;3950
31.05.2004;3750
01.06.2004;3621
02.06.2004;3995
03.06.2004;3995
04.06.2004;3900
07.06.2004;3700
08.06.2004;3750
09.06.2004;4641
10.06.2004;3650
11.06.2004;3650
14.06.2004;3650
15.06.2004;3914
16.06.2004;3913
17.06.2004;4277
18.06.2004;4053
21.06.2004;3690
22.06.2004;3400
23.06.2004;3689
24.06.2004;3327
25.06.2004;2600
28.06.2004;3200
29.06.2004;3000
30.06.2004;3900
01.07.2004;3300
02.07.2004;3400
05.07.2004;3300
06.07.2004;3692
07.07.2004;4225
08.07.2004;3701
09.07.2004;4750
12.07.2004;3200
13.07.2004;3200
14.07.2004;3338
15.07.2004;3000
16.07.2004;3000
19.07.2004;2400
20.07.2004;3100
21.07.2004;4000
22.07.2004;4000
23.07.2004;3800
26.07.2004;3400
27.07.2004;3400
28.07.2004;3400
29.07.2004;3300
30.07.2004;2969
02.08.2004;3700
03.08.2004;3675
04.08.2004;3350
05.08.2004;3350
06.08.2004;3575
09.08.2004;3500
10.08.2004;2759
11.08.2004;3050
12.08.2004;3525
13.08.2004;3625
16.08.2004;3525
17.08.2004;2978
18.08.2004;2978
19.08.2004;3775
20.08.2004;3875
23.08.2004;2978
24.08.2004;2978
25.08.2004;2978
26.08.2004;2978
27.08.2004;3700
30.08.2004;2979
31.08.2004;2980
01.09.2004;2799
02.09.2004;3550
03.09.2004;3700
06.09.2004;3500
07.09.2004;3500
08.09.2004;2795
09.09.2004;2795
10.09.2004;2900
13.09.2004;2825
14.09.2004;2050
15.09.2004;1650
16.09.2004;2000
17.09.2004;2350
20.09.2004;2250
21.09.2004;2757
22.09.2004;2300
23.09.2004;2240
24.09.2004;2340
27.09.2004;1950
28.09.2004;1950
29.09.2004;1950
30.09.2004;2175
01.10.2004;1625
04.10.2004;1600
05.10.2004;1200
06.10.2004;1952
07.10.2004;1400
08.10.2004;1475
11.10.2004;175
12.10.2004;200
13.10.2004;325
14.10.2004;50
15.10.2004;50
18.10.2004;-300
19.10.2004;-100
20.10.2004;-60
21.10.2004;-450
22.10.2004;-500
25.10.2004;-1950
26.10.2004;-775
27.10.2004;-600
28.10.2004;-550
29.10.2004;-550
01.11.2004;-900
02.11.2004;-900
03.11.2004;-950
04.11.2004;-1950
05.11.2004;-1950
08.11.2004;-1950
09.11.2004;-1150
10.11.2004;-1125
11.11.2004;-800
12.11.2004;-750
15.11.2004;-750
16.11.2004;-1066
17.11.2004;-850
18.11.2004;-875
19.11.2004;-1061
22.11.2004;-600
23.11.2004;-450
24.11.2004;-875
25.11.2004;-950
26.11.2004;-1150
29.11.2004;-300
30.11.2004;-1046
01.12.2004;-1000
02.12.2004;-1050
03.12.2004;-650
06.12.2004;-1050
07.12.2004;-1050
08.12.2004;-700
09.12.2004;-412
10.12.2004;1850
13.12.2004;1750
14.12.2004;1400
15.12.2004;500
16.12.2004;500
17.12.2004;550
20.12.2004;391
21.12.2004;390
22.12.2004;390
23.12.2004;500
24.12.2004;500
27.12.2004;450
28.12.2004;388
29.12.2004;-450
30.12.2004;-4291
31.12.2004;-4287
03.01.2005;-4287
04.01.2005;-4287
05.01.2005;-4287
06.01.2005;-4287
07.01.2005;-4287
10.01.2005;-4287
11.01.2005;1400
12.01.2005;1475
13.01.2005;175
14.01.2005;600
17.01.2005;1050
18.01.2005;1050
19.01.2005;673
20.01.2005;673
21.01.2005;450
24.01.2005;325
25.01.2005;350
26.01.2005;175
27.01.2005;200
28.01.2005;200
31.01.2005;100
01.02.2005;100
02.02.2005;-136
03.02.2005;-310
04.02.2005;200
07.02.2005;150
08.02.2005;-136
09.02.2005;-489
10.02.2005;-487
11.02.2005;-900
14.02.2005;-250
15.02.2005;-125
16.02.2005;-275
17.02.2005;-275
18.02.2005;-325
21.02.2005;-825
22.02.2005;-750
23.02.2005;-750
24.02.2005;-675
25.02.2005;-650
28.02.2005;-900
01.03.2005;-900
02.03.2005;-850
03.03.2005;-850
04.03.2005;-900
07.03.2005;-900
08.03.2005;-900
09.03.2005;-900
10.03.2005;-950
11.03.2005;-930
14.03.2005;-700
15.03.2005;-750
16.03.2005;-725
17.03.2005;-425
18.03.2005;-375
21.03.2005;-25
22.03.2005;-300
23.03.2005;-375
24.03.2005;-375
25.03.2005;-360
28.03.2005;125
29.03.2005;125
30.03.2005;150
31.03.2005;150
01.04.2005;100
04.04.2005;-50
05.04.2005;235
06.04.2005;150
07.04.2005;-100
08.04.2005;-100
11.04.2005;-100
12.04.2005;-42
13.04.2005;-455
14.04.2005;-100
15.04.2005;-113
18.04.2005;-150
19.04.2005;-100
20.04.2005;-50
21.04.2005;-100
22.04.2005;-143
25.04.2005;-200
26.04.2005;-120
27.04.2005;-120
28.04.2005;-298
29.04.2005;-200
02.05.2005;-200
03.05.2005;-200
04.05.2005;-400
05.05.2005;-550
06.05.2005;-162
09.05.2005;-162
10.05.2005;-162
11.05.2005;-500
12.05.2005;-491
13.05.2005;-460
16.05.2005;-478
17.05.2005;-201
18.05.2005;-205
19.05.2005;-205
20.05.2005;-200
23.05.2005;200
24.05.2005;200
25.05.2005;152
26.05.2005;500
27.05.2005;500
30.05.2005;180
31.05.2005;200
01.06.2005;200
02.06.2005;150
03.06.2005;200
06.06.2005;150
07.06.2005;50
08.06.2005;50
09.06.2005;0
10.06.2005;27
13.06.2005;27
14.06.2005;500
15.06.2005;450
16.06.2005;439
17.06.2005;300
20.06.2005;300
21.06.2005;400
22.06.2005;900
23.06.2005;906
24.06.2005;937
27.06.2005;850
28.06.2005;900
29.06.2005;855
30.06.2005;700
01.07.2005;626
04.07.2005;825
05.07.2005;900
06.07.2005;800
07.07.2005;900
08.07.2005;600
11.07.2005;496
12.07.2005;700
13.07.2005;650
14.07.2005;629
15.07.2005;732
18.07.2005;700
19.07.2005;700
20.07.2005;700
21.07.2005;700
22.07.2005;750
25.07.2005;700
26.07.2005;700
27.07.2005;700
28.07.2005;650
29.07.2005;750
01.08.2005;750
02.08.2005;750
03.08.2005;150
04.08.2005;-50
05.08.2005;-200
08.08.2005;-200
09.08.2005;-200
10.08.2005;-200
11.08.2005;-250
12.08.2005;-38
15.08.2005;-100
16.08.2005;-100
17.08.2005;-100
18.08.2005;-134
19.08.2005;-100
22.08.2005;-100
23.08.2005;-100
24.08.2005;-50
25.08.2005;-230
26.08.2005;-250
29.08.2005;-175
30.08.2005;-129
31.08.2005;-200
01.09.2005;-200
02.09.2005;-200
05.09.2005;-275
06.09.2005;-550
07.09.2005;-600
08.09.2005;-300
09.09.2005;-287
12.09.2005;-300
13.09.2005;-500
14.09.2005;-450
15.09.2005;-300
16.09.2005;-350
19.09.2005;-350
20.09.2005;-450
21.09.2005;-450
22.09.2005;-450
23.09.2005;-450
26.09.2005;-871
27.09.2005;-900
28.09.2005;-744
29.09.2005;-787
30.09.2005;-735
03.10.2005;-758
04.10.2005;-771
05.10.2005;-862
06.10.2005;-856
07.10.2005;-759
10.10.2005;-837
11.10.2005;-472
12.10.2005;-519
13.10.2005;-519
14.10.2005;-519
17.10.2005;-418
18.10.2005;-434
19.10.2005;-239
20.10.2005;-218
21.10.2005;-178
24.10.2005;-262
25.10.2005;-244
26.10.2005;-258
27.10.2005;-310
28.10.2005;-325
31.10.2005;-160
01.11.2005;-398
02.11.2005;-440
03.11.2005;-400
04.11.2005;-400
07.11.2005;-407
08.11.2005;-411
09.11.2005;-478
10.11.2005;-501
11.11.2005;327
14.11.2005;211
15.11.2005;240
16.11.2005;250
17.11.2005;239
18.11.2005;239
21.11.2005;259
22.11.2005;191
23.11.2005;191
24.11.2005;191
25.11.2005;191
28.11.2005;343
29.11.2005;419
30.11.2005;337
01.12.2005;326
02.12.2005;474
05.12.2005;395
06.12.2005;380
07.12.2005;631
08.12.2005;721
09.12.2005;638
12.12.2005;530
13.12.2005;499
14.12.2005;555
15.12.2005;768
16.12.2005;888
19.12.2005;844
20.12.2005;784
21.12.2005;616
22.12.2005;672
23.12.2005;-952
26.12.2005;-877
27.12.2005;619
28.12.2005;649
29.12.2005;600
30.12.2005;700
02.01.2006;600
03.01.2006;600
04.01.2006;600
05.01.2006;600
06.01.2006;700
09.01.2006;600
10.01.2006;-118
11.01.2006;-118
12.01.2006;-617
13.01.2006;-351
16.01.2006;-346
17.01.2006;-142
18.01.2006;-100
19.01.2006;-150
20.01.2006;-50
23.01.2006;-150
24.01.2006;-150
25.01.2006;-112
26.01.2006;-112
27.01.2006;-100
30.01.2006;12
31.01.2006;
01.02.2006;-130
02.02.2006;-184
03.02.2006;-134
06.02.2006;-150
07.02.2006;-189
08.02.2006;-237
09.02.2006;-419
10.02.2006;-341
13.02.2006;-400
14.02.2006;-388
15.02.2006;-434
16.02.2006;-389
17.02.2006;-348
20.02.2006;-392
21.02.2006;-392
22.02.2006;-392
23.02.2006;-392
24.02.2006;-392
27.02.2006;-392
28.02.2006;-163
01.03.2006;-128
02.03.2006;-218
03.03.2006;-222
06.03.2006;-219
07.03.2006;-198
08.03.2006;-198
09.03.2006;-190
10.03.2006;-190
13.03.2006;-190
14.03.2006;-190
15.03.2006;-190
16.03.2006;-190
17.03.2006;-152
20.03.2006;-287
21.03.2006;-234
22.03.2006;138
23.03.2006;111
24.03.2006;91
27.03.2006;75
28.03.2006;73
29.03.2006;130
30.03.2006;-113
31.03.2006;-46
03.04.2006;-150
04.04.2006;-112
05.04.2006;-140
06.04.2006;-140
07.04.2006;-30
10.04.2006;-140
11.04.2006;-162
12.04.2006;-150
13.04.2006;-150
14.04.2006;-150
17.04.2006;-400
18.04.2006;-176
19.04.2006;-143
20.04.2006;-162
21.04.2006;-214
24.04.2006;-140
25.04.2006;-158
26.04.2006;-180
27.04.2006;-492
28.04.2006;-488
01.05.2006;-488
02.05.2006;-513
03.05.2006;-490
04.05.2006;-488
05.05.2006;-604
08.05.2006;-690
09.05.2006;-662
10.05.2006;-670
11.05.2006;-1114
12.05.2006;-1054
15.05.2006;-343
16.05.2006;-260
17.05.2006;-331
18.05.2006;194
19.05.2006;-126
22.05.2006;-214
23.05.2006;-214
24.05.2006;-214
25.05.2006;-214
26.05.2006;-214
29.05.2006;-214
30.05.2006;-214
31.05.2006;-546
01.06.2006;-558
02.06.2006;-538
05.06.2006;-540
06.06.2006;-553
07.06.2006;-613
08.06.2006;-550
09.06.2006;-550
12.06.2006;-550
13.06.2006;-550
14.06.2006;-575
15.06.2006;-668
16.06.2006;-688
19.06.2006;-835
20.06.2006;-827
21.06.2006;-876
22.06.2006;-876
23.06.2006;-876
26.06.2006;-876
27.06.2006;-876
28.06.2006;-876
29.06.2006;-876
30.06.2006;-876
03.07.2006;-876
04.07.2006;-876
05.07.2006;-1129
06.07.2006;-1138
07.07.2006;-1013
10.07.2006;-1109
11.07.2006;-1145
12.07.2006;-1113
13.07.2006;-1150
14.07.2006;-1150
17.07.2006;-1090
18.07.2006;-1090
19.07.2006;-1090
20.07.2006;-1090
21.07.2006;-1090
24.07.2006;-1243
25.07.2006;-1000
26.07.2006;-1137
27.07.2006;-971
28.07.2006;-1032
31.07.2006;-1000
01.08.2006;-1100
02.08.2006;-796
03.08.2006;-796
04.08.2006;-796
07.08.2006;-1166
08.08.2006;-1209
09.08.2006;-793
10.08.2006;-793
11.08.2006;-793
14.08.2006;-964
15.08.2006;-957
16.08.2006;-956
17.08.2006;-953
18.08.2006;-954
21.08.2006;-952
22.08.2006;-954
23.08.2006;-954
24.08.2006;-954
25.08.2006;-956
28.08.2006;-955
29.08.2006;-955
30.08.2006;-907
31.08.2006;-907
01.09.2006;-908
04.09.2006;-985
05.09.2006;-983
06.09.2006;-983
07.09.2006;-984
08.09.2006;-984
11.09.2006;-984
12.09.2006;-988
13.09.2006;-989
14.09.2006;-989
15.09.2006;-988
18.09.2006;-1056
19.09.2006;-1056
20.09.2006;-1151
21.09.2006;-1147
22.09.2006;-1190
25.09.2006;-1190
26.09.2006;-1190
27.09.2006;-888
28.09.2006;-887
29.09.2006;-888
02.10.2006;-889
03.10.2006;-888
04.10.2006;-889
05.10.2006;-855
06.10.2006;-920
09.10.2006;-988
10.10.2006;-859
11.10.2006;-865
12.10.2006;-860
13.10.2006;-860
16.10.2006;-861
17.10.2006;-861
18.10.2006;-861
19.10.2006;-861
20.10.2006;-861
23.10.2006;-861
24.10.2006;-861
25.10.2006;-861
26.10.2006;-410
27.10.2006;-204
30.10.2006;-245
31.10.2006;-711
01.11.2006;-263
02.11.2006;-247
03.11.2006;-250
06.11.2006;-250
07.11.2006;-115
08.11.2006;-188
09.11.2006;-237
10.11.2006;-263
13.11.2006;-214
14.11.2006;-225
15.11.2006;-214
16.11.2006;-241
17.11.2006;-213
20.11.2006;-147
21.11.2006;-130
22.11.2006;-106
23.11.2006;-120
24.11.2006;110
27.11.2006;97
28.11.2006;103
29.11.2006;102
30.11.2006;102
01.12.2006;41
04.12.2006;106
05.12.2006;-245
06.12.2006;-244
07.12.2006;-223
08.12.2006;-323
11.12.2006;-299
12.12.2006;-850
13.12.2006;-394
14.12.2006;-184
15.12.2006;-280
18.12.2006;-331
19.12.2006;-79
20.12.2006;-79
21.12.2006;-79
22.12.2006;-79
25.12.2006;-286
26.12.2006;-187
27.12.2006;-187
28.12.2006;-299
29.12.2006;293
01.01.2007;-270
02.01.2007;-244
03.01.2007;-320
04.01.2007;-257
05.01.2007;-212
08.01.2007;-251
09.01.2007;-330
10.01.2007;-313
11.01.2007;-315
12.01.2007;-309
15.01.2007;-210
16.01.2007;-217
17.01.2007;-204
18.01.2007;-308
19.01.2007;-301
22.01.2007;-334
23.01.2007;-320
24.01.2007;-150
25.01.2007;-340
26.01.2007;-340
29.01.2007;-165
30.01.2007;-178
31.01.2007;-151
01.02.2007;-418
02.02.2007;-412
05.02.2007;-419
06.02.2007;-570
07.02.2007;-569
08.02.2007;-566
09.02.2007;-817
12.02.2007;-559
13.02.2007;-566
14.02.2007;-566
15.02.2007;-567
16.02.2007;-466
19.02.2007;-466
20.02.2007;-465
21.02.2007;-446
22.02.2007;-454
23.02.2007;-460
26.02.2007;-465
27.02.2007;-325
28.02.2007;-445
01.03.2007;-245
02.03.2007;-231
05.03.2007;-445
06.03.2007;-240
07.03.2007;-275
08.03.2007;-250
09.03.2007;-230
12.03.2007;-210
13.03.2007;-226
14.03.2007;-80
15.03.2007;-70
16.03.2007;-200
19.03.2007;160
20.03.2007;-128
21.03.2007;-75
22.03.2007;-97
23.03.2007;-102
26.03.2007;-285
27.03.2007;-203
28.03.2007;-153
29.03.2007;-122
30.03.2007;-110
02.04.2007;-220
03.04.2007;-213
04.04.2007;-209
05.04.2007;-244
06.04.2007;-250
09.04.2007;-148
10.04.2007;-235
11.04.2007;-290
12.04.2007;-280
13.04.2007;-370
16.04.2007;-360
17.04.2007;-479
18.04.2007;-366
19.04.2007;-316
20.04.2007;-411
23.04.2007;-431
24.04.2007;-538
25.04.2007;-400
26.04.2007;-515
27.04.2007;-379
30.04.2007;-368
01.05.2007;-381
02.05.2007;-369
03.05.2007;-529
04.05.2007;-611
07.05.2007;-147
08.05.2007;-521
09.05.2007;-526
10.05.2007;-147
11.05.2007;-141
14.05.2007;-699
15.05.2007;-699
16.05.2007;-799
17.05.2007;-872
18.05.2007;-920
21.05.2007;-872
22.05.2007;-893
23.05.2007;-854
24.05.2007;-655
25.05.2007;-915
28.05.2007;-839
29.05.2007;-840
30.05.2007;-827
31.05.2007;-840
01.06.2007;-775
04.06.2007;-900
05.06.2007;-871
06.06.2007;-892
07.06.2007;-1016
08.06.2007;-974
11.06.2007;-915
12.06.2007;-905
13.06.2007;-719
14.06.2007;-834
15.06.2007;-860
18.06.2007;-904
19.06.2007;-871
20.06.2007;-755
21.06.2007;-768
22.06.2007;-690
25.06.2007;-800
26.06.2007;-898
27.06.2007;-899
28.06.2007;-874
29.06.2007;-1031
02.07.2007;-855
03.07.2007;-1137
04.07.2007;-1110
05.07.2007;-955
06.07.2007;-900
09.07.2007;-862
10.07.2007;-857
11.07.2007;-1068
12.07.2007;-965
13.07.2007;-1059
16.07.2007;-930
17.07.2007;-968
18.07.2007;-892
19.07.2007;-835
20.07.2007;-830
23.07.2007;-855
24.07.2007;-864
25.07.2007;-816
26.07.2007;-834
27.07.2007;-800
30.07.2007;-771
31.07.2007;-780
01.08.2007;-848
02.08.2007;-972
03.08.2007;-866
06.08.2007;-900
07.08.2007;-895
08.08.2007;-901
09.08.2007;-783
10.08.2007;-710
13.08.2007;-777
14.08.2007;-586
15.08.2007;-277
16.08.2007;-40
17.08.2007;-20
20.08.2007;-10
21.08.2007;-43
22.08.2007;-43
23.08.2007;425
24.08.2007;375
27.08.2007;600.5
28.08.2007;577
29.08.2007;455
30.08.2007;356.5
31.08.2007;210
03.09.2007;220
04.09.2007;163
05.09.2007;245
06.09.2007;525
07.09.2007;490
10.09.2007;295
11.09.2007;555
12.09.2007;705
13.09.2007;635
14.09.2007;680
17.09.2007;709
18.09.2007;688
19.09.2007;965
20.09.2007;1130
21.09.2007;820
24.09.2007;1025
25.09.2007;1270
26.09.2007;1397.5
27.09.2007;1415
28.09.2007;1341
01.10.2007;776
02.10.2007;1784
03.10.2007;1587
04.10.2007;1623
05.10.2007;1721
08.10.2007;1047
09.10.2007;500
10.10.2007;413
11.10.2007;574
12.10.2007;197
15.10.2007;480
16.10.2007;512
17.10.2007;789
18.10.2007;171
19.10.2007;167
22.10.2007;635
23.10.2007;604
24.10.2007;618
25.10.2007;709
26.10.2007;631
29.10.2007;809
30.10.2007;832
31.10.2007;790
01.11.2007;818
02.11.2007;963
05.11.2007;775
06.11.2007;773
07.11.2007;880
08.11.2007;765
09.11.2007;706
12.11.2007;688
13.11.2007;621
14.11.2007;950
15.11.2007;1000
16.11.2007;1025
19.11.2007;1026.5
20.11.2007;1032
21.11.2007;946
22.11.2007;945
23.11.2007;914.5
26.11.2007;927
27.11.2007;798
28.11.2007;851
29.11.2007;759.5
30.11.2007;640
03.12.2007;557.5
04.12.2007;474.5
05.12.2007;459.5
06.12.2007;412
07.12.2007;322.5
10.12.2007;308.5
11.12.2007;294.5
12.12.2007;250
13.12.2007;375
14.12.2007;314
17.12.2007;301
18.12.2007;275
19.12.2007;234
20.12.2007;329
21.12.2007;292
24.12.2007;245
25.12.2007;262
26.12.2007;266
27.12.2007;217
28.12.2007;121
31.12.2007;186
01.01.2008;95
02.01.2008;107
03.01.2008;98
04.01.2008;93
07.01.2008;44
08.01.2008;108
09.01.2008;-79
10.01.2008;-232
11.01.2008;-249
14.01.2008;-115
15.01.2008;-76
16.01.2008;-67
17.01.2008;37
18.01.2008;108
21.01.2008;151
22.01.2008;-412
23.01.2008;410
24.01.2008;367
25.01.2008;495
28.01.2008;583
29.01.2008;719
30.01.2008;841
31.01.2008;1052
01.02.2008;994
04.02.2008;1075
05.02.2008;1045
06.02.2008;1116
07.02.2008;1208
08.02.2008;1559
11.02.2008;1518
12.02.2008;1561
13.02.2008;1292
14.02.2008;1526
15.02.2008;1849
18.02.2008;1801
19.02.2008;1734
20.02.2008;1584
21.02.2008;1985
22.02.2008;1960
25.02.2008;1833
26.02.2008;1611
27.02.2008;1646
28.02.2008;1706
29.02.2008;1884
03.03.2008;1784
04.03.2008;1775
05.03.2008;1675
06.03.2008;1925
07.03.2008;1748
10.03.2008;1670
11.03.2008;1556
12.03.2008;1632
13.03.2008;1784
14.03.2008;1809
17.03.2008;1974
18.03.2008;1882
19.03.2008;1830
20.03.2008;1955
21.03.2008;1962
24.03.2008;1824
25.03.2008;1577
26.03.2008;1592
27.03.2008;1646
28.03.2008;1663
31.03.2008;1691
01.04.2008;1479
02.04.2008;1435
03.04.2008;1292
04.04.2008;1378
07.04.2008;1296
08.04.2008;1204
09.04.2008;1337
10.04.2008;1468
11.04.2008;1253
14.04.2008;1321
15.04.2008;1418
16.04.2008;1413
17.04.2008;1405
18.04.2008;1353
21.04.2008;1180
22.04.2008;1082
23.04.2008;1119
24.04.2008;939
25.04.2008;919
28.04.2008;1130
29.04.2008;943
30.04.2008;943
01.05.2008;943
02.05.2008;1065
05.05.2008;945
06.05.2008;619
07.05.2008;708
08.05.2008;729
09.05.2008;691
12.05.2008;638
13.05.2008;727
14.05.2008;781
15.05.2008;848
16.05.2008;744
19.05.2008;658
20.05.2008;780
21.05.2008;770
22.05.2008;711
23.05.2008;852
26.05.2008;753
27.05.2008;852
28.05.2008;775
29.05.2008;740
30.05.2008;710
02.06.2008;720
03.06.2008;619
04.06.2008;626
05.06.2008;720
06.06.2008;755
09.06.2008;873
10.06.2008;920
11.06.2008;884
12.06.2008;914
13.06.2008;830
16.06.2008;810
17.06.2008;900
18.06.2008;875
19.06.2008;950
20.06.2008;906
23.06.2008;892
24.06.2008;830
25.06.2008;839
26.06.2008;776
27.06.2008;677
30.06.2008;595
01.07.2008;867
02.07.2008;822
03.07.2008;775
04.07.2008;852
07.07.2008;674
08.07.2008;532
09.07.2008;572
10.07.2008;628
11.07.2008;559
14.07.2008;641
15.07.2008;590
16.07.2008;681
17.07.2008;698
18.07.2008;689
21.07.2008;503
22.07.2008;436
23.07.2008;451
24.07.2008;555
25.07.2008;520
28.07.2008;587
29.07.2008;599
30.07.2008;714
31.07.2008;572
01.08.2008;632
04.08.2008;601
05.08.2008;650
06.08.2008;630
07.08.2008;745
08.08.2008;1405
11.08.2008;1675
12.08.2008;1314
13.08.2008;1305
14.08.2008;1720
15.08.2008;1619
18.08.2008;1629
19.08.2008;1702
20.08.2008;1733
21.08.2008;1803
22.08.2008;1937
25.08.2008;1787
26.08.2008;2238
27.08.2008;2322
28.08.2008;2311
29.08.2008;2262
01.09.2008;1919
02.09.2008;1936
03.09.2008;2383
04.09.2008;2502
05.09.2008;2676
08.09.2008;2513
09.09.2008;2679
10.09.2008;2677
11.09.2008;3123
12.09.2008;3140
15.09.2008;3706
16.09.2008;4526
17.09.2008;3100
18.09.2008;2805
19.09.2008;2820
22.09.2008;2489
23.09.2008;2390
24.09.2008;1971
25.09.2008;2480
26.09.2008;2797
29.09.2008;3201
30.09.2008;3085
01.10.2008;2605
02.10.2008;2740
03.10.2008;2643
06.10.2008;3976
07.10.2008;3739
08.10.2008;5049
09.10.2008;4918
10.10.2008;4918
13.10.2008;5070
14.10.2008;4465
15.10.2008;5705
16.10.2008;6760
17.10.2008;6035
20.10.2008;6035
21.10.2008;6035
22.10.2008;6035
23.10.2008;6035
24.10.2008;38740
27.10.2008;38775
28.10.2008;5000
29.10.2008;5000
30.10.2008;21659
31.10.2008;24834
03.11.2008;25420
04.11.2008;25325
05.11.2008;20777
06.11.2008;18632
07.11.2008;19833
10.11.2008;19448
11.11.2008;16910
12.11.2008;26388
13.11.2008;28897
14.11.2008;27989
17.11.2008;36482
18.11.2008;38238
19.11.2008;35693
20.11.2008;41950
21.11.2008;43870
24.11.2008;40790
25.11.2008;40225
26.11.2008;39490
27.11.2008;31817
28.11.2008;36122
01.12.2008;31712
02.12.2008;30600
03.12.2008;27767
04.12.2008;27707
05.12.2008;28026
08.12.2008;27891
09.12.2008;24854
10.12.2008;24575
11.12.2008;26198
12.12.2008;28754
15.12.2008;28083
16.12.2008;27678
17.12.2008;27731
18.12.2008;29747
19.12.2008;28955
22.12.2008;26433
23.12.2008;23544
24.12.2008;24889
25.12.2008;29169
26.12.2008;29501
29.12.2008;24565
30.12.2008;25442
31.12.2008;33433
01.01.2009;33468
02.01.2009;33311
05.01.2009;33311
06.01.2009;24735
07.01.2009;24735
08.01.2009;25830
09.01.2009;25830
12.01.2009;25794
13.01.2009;25972
14.01.2009;37078
15.01.2009;38572
16.01.2009;41226
19.01.2009;44071
20.01.2009;33464
21.01.2009;37307
22.01.2009;29731
23.01.2009;31692
26.01.2009;27572
27.01.2009;26498
28.01.2009;22873
29.01.2009;26592
30.01.2009;30781
02.02.2009;28559
03.02.2009;27013
04.02.2009;24488
05.02.2009;23391
06.02.2009;23425
09.02.2009;21615
10.02.2009;19499
11.02.2009;21188
12.02.2009;22655
13.02.2009;21269
16.02.2009;23367
17.02.2009;25553
18.02.2009;25046
19.02.2009;22083
20.02.2009;24002
23.02.2009;19174
24.02.2009;22634
25.02.2009;20410
26.02.2009;17889
27.02.2009;18199
02.03.2009;19188
03.03.2009;19526
04.03.2009;18867
05.03.2009;17892
06.03.2009;18723
09.03.2009;20572
10.03.2009;16442
11.03.2009;14597
12.03.2009;14289
13.03.2009;12375
16.03.2009;11571
17.03.2009;11590
18.03.2009;13414
19.03.2009;10907
20.03.2009;9368
23.03.2009;10278
24.03.2009;9702
25.03.2009;10345
26.03.2009;10558
27.03.2009;10762
30.03.2009;10450
31.03.2009;10000
01.04.2009;9855
02.04.2009;8178
03.04.2009;9145
06.04.2009;9097
07.04.2009;9106
08.04.2009;9181
09.04.2009;9049
10.04.2009;9818
13.04.2009;9634
14.04.2009;8680
15.04.2009;9500
16.04.2009;8600
17.04.2009;8315
20.04.2009;10297
21.04.2009;10007
22.04.2009;10101
23.04.2009;9918
24.04.2009;9570
27.04.2009;9600
28.04.2009;9700
29.04.2009;9000
30.04.2009;9040
01.05.2009;9040
04.05.2009;8849
05.05.2009;7421
06.05.2009;7481
07.05.2009;7510
08.05.2009;8023
11.05.2009;6380
12.05.2009;6151
13.05.2009;6032
14.05.2009;6285
15.05.2009;6236
18.05.2009;7075
19.05.2009;6194
20.05.2009;6043
21.05.2009;6589
22.05.2009;6734
25.05.2009;7591
26.05.2009;6219
27.05.2009;7019
28.05.2009;7297
29.05.2009;6922
01.06.2009;6773
02.06.2009;7070
03.06.2009;7777
04.06.2009;7615
05.06.2009;6719
08.06.2009;7757
09.06.2009;7532
10.06.2009;6821
11.06.2009;6950
12.06.2009;7070
15.06.2009;7340
16.06.2009;7420
17.06.2009;7350
18.06.2009;7445
19.06.2009;7307
22.06.2009;7234
23.06.2009;8242
24.06.2009;6954
25.06.2009;7811
26.06.2009;7956
29.06.2009;7737
30.06.2009;7544
01.07.2009;7350
02.07.2009;8018
03.07.2009;7336
06.07.2009;7889
07.07.2009;7570
08.07.2009;7577
09.07.2009;8282
10.07.2009;10061
13.07.2009;11003
14.07.2009;7988
15.07.2009;7968
16.07.2009;7676
17.07.2009;8300
20.07.2009;7700
21.07.2009;7700
22.07.2009;7456
23.07.2009;7297
24.07.2009;7204
27.07.2009;6737
28.07.2009;6962
29.07.2009;7434
30.07.2009;7250
31.07.2009;7300
03.08.2009;6040
04.08.2009;7268
05.08.2009;7871
06.08.2009;6653
07.08.2009;7087
10.08.2009;7163
11.08.2009;6986
12.08.2009;7104
13.08.2009;7500
14.08.2009;8209
17.08.2009;6773
18.08.2009;6939
19.08.2009;6870
20.08.2009;6939
21.08.2009;6968
24.08.2009;6633
25.08.2009;7249
26.08.2009;7149
27.08.2009;7149
28.08.2009;6665
31.08.2009;6633
01.09.2009;6633
02.09.2009;7050
03.09.2009;7000
04.09.2009;6573
07.09.2009;6900
08.09.2009;6800
09.09.2009;6650
10.09.2009;6251
11.09.2009;6168
14.09.2009;6680
15.09.2009;6319
16.09.2009;6254
17.09.2009;6212
18.09.2009;6699
21.09.2009;6800
22.09.2009;6380
23.09.2009;6750
24.09.2009;6950
25.09.2009;6860
28.09.2009;6685
29.09.2009;6436
30.09.2009;6930
01.10.2009;6719
02.10.2009;6433
05.10.2009;6151
06.10.2009;5418
07.10.2009;5449
08.10.2009;5293
09.10.2009;5250
12.10.2009;5069
13.10.2009;5413
14.10.2009;4735
15.10.2009;5315
16.10.2009;5027
19.10.2009;4808
20.10.2009;4723
21.10.2009;4750
22.10.2009;4722
23.10.2009;4650
26.10.2009;4986
27.10.2009;5050
28.10.2009;5891
29.10.2009;4320
30.10.2009;5665
02.11.2009;5050
03.11.2009;5189
04.11.2009;3965
05.11.2009;5012
06.11.2009;4793
09.11.2009;4379
10.11.2009;4234
11.11.2009;3480
12.11.2009;4300
13.11.2009;4159
16.11.2009;4150
17.11.2009;4030
18.11.2009;3992
19.11.2009;5012
20.11.2009;4472
23.11.2009;3898
24.11.2009;4862
25.11.2009;4669
26.11.2009;5426
27.11.2009;4591
30.11.2009;4311
01.12.2009;4385
02.12.2009;4475
03.12.2009;4641
04.12.2009;3845
07.12.2009;4809
08.12.2009;4711
09.12.2009;4420
10.12.2009;4356
11.12.2009;4280
14.12.2009;4222
15.12.2009;4236
16.12.2009;4505
17.12.2009;4743
18.12.2009;4617
21.12.2009;4325
22.12.2009;4225
23.12.2009;4200
24.12.2009;3875
25.12.2009;3875
28.12.2009;4269
29.12.2009;4279
30.12.2009;4348
31.12.2009;4269
01.01.2010;4269
04.01.2010;4254
05.01.2010;4264
06.01.2010;4050
07.01.2010;4279
08.01.2010;4051
11.01.2010;3432
12.01.2010;3274
13.01.2010;3314
14.01.2010;3302
15.01.2010;3330
18.01.2010;3206
19.01.2010;3269
20.01.2010;3279
21.01.2010;3423
22.01.2010;4000
25.01.2010;3713
26.01.2010;3893
27.01.2010;3826
28.01.2010;3706
29.01.2010;3888
01.02.2010;3626
02.02.2010;3521
03.02.2010;3400
04.02.2010;3495
05.02.2010;3757
08.02.2010;3728
09.02.2010;3596
10.02.2010;3541
11.02.2010;3494
12.02.2010;3552
15.02.2010;3534
16.02.2010;3365
17.02.2010;3400
18.02.2010;3144
19.02.2010;3162
22.02.2010;3249
23.02.2010;3304
24.02.2010;3075
25.02.2010;2995
26.02.2010;3026
01.03.2010;3015
02.03.2010;2967
03.03.2010;2851
04.03.2010;2930
05.03.2010;2791
08.03.2010;2790
09.03.2010;2769
10.03.2010;2565
11.03.2010;2555
12.03.2010;2548
15.03.2010;2626
16.03.2010;2525
17.03.2010;2414
18.03.2010;2473
19.03.2010;2431
22.03.2010;2654
23.03.2010;2580
24.03.2010;2593
25.03.2010;2522
26.03.2010;2519
29.03.2010;2533
30.03.2010;2471
31.03.2010;2428
01.04.2010;2440
02.04.2010;2771
05.04.2010;2326
06.04.2010;2120
07.04.2010;2192
08.04.2010;2277
09.04.2010;2319
12.04.2010;2133
13.04.2010;2244
14.04.2010;2197
15.04.2010;2273
16.04.2010;2289
19.04.2010;2501
20.04.2010;2371
21.04.2010;2386
22.04.2010;2438
23.04.2010;2461
26.04.2010;2479
27.04.2010;2541
28.04.2010;2706
29.04.2010;2589
30.04.2010;2538
03.05.2010;2524
04.05.2010;2512
05.05.2010;2641
06.05.2010;2705
07.05.2010;2980
10.05.2010;2756
11.05.2010;1608
12.05.2010;2500
13.05.2010;2445
14.05.2010;2465
17.05.2010;2289
18.05.2010;2338
19.05.2010;2428
20.05.2010;2840
21.05.2010;2625
24.05.2010;2465
25.05.2010;2507
26.05.2010;2400
27.05.2010;2370
28.05.2010;2310
31.05.2010;2297
01.06.2010;2200
02.06.2010;1980
03.06.2010;1930
04.06.2010;1920
07.06.2010;1931
08.06.2010;1890
09.06.2010;1802
10.06.2010;1793
11.06.2010;1610
14.06.2010;1592
15.06.2010;1517
16.06.2010;1537
17.06.2010;1786
18.06.2010;1760
21.06.2010;1710
22.06.2010;1718
23.06.2010;1820
24.06.2010;1920
25.06.2010;2090
28.06.2010;2110
29.06.2010;1995
30.06.2010;1915
01.07.2010;1870
02.07.2010;1830
05.07.2010;1860
06.07.2010;1751
07.07.2010;1850
08.07.2010;1910
09.07.2010;1835
12.07.2010;1850
13.07.2010;1810
14.07.2010;1875
15.07.2010;2040
16.07.2010;2000
19.07.2010;2075
20.07.2010;2005
21.07.2010;2125
22.07.2010;2050
23.07.2010;1995
26.07.2010;2070
27.07.2010;2060
28.07.2010;2125
29.07.2010;2050
30.07.2010;2015
02.08.2010;1950
03.08.2010;2010
04.08.2010;2021
05.08.2010;2035
06.08.2010;1955
09.08.2010;2025
10.08.2010;2015
11.08.2010;2015
12.08.2010;2125
13.08.2010;1960
16.08.2010;2050
17.08.2010;2015
18.08.2010;1980
19.08.2010;2075
20.08.2010;2050
23.08.2010;1975
24.08.2010;2138
25.08.2010;2180
26.08.2010;2070
27.08.2010;2075
30.08.2010;2000
31.08.2010;2090
01.09.2010;2000
02.09.2010;1980
03.09.2010;2000
06.09.2010;1930
07.09.2010;2035
08.09.2010;2010
09.09.2010;2070
10.09.2010;1990
13.09.2010;1875
14.09.2010;2055
15.09.2010;2190
16.09.2010;2150
17.09.2010;2150
20.09.2010;2104
21.09.2010;2120
22.09.2010;2130
23.09.2010;2130
24.09.2010;2100
27.09.2010;1825
28.09.2010;2030
29.09.2010;2020
30.09.2010;2310
01.10.2010;2115
04.10.2010;2195
05.10.2010;1960
06.10.2010;1880
07.10.2010;1970
08.10.2010;1960
11.10.2010;1940
12.10.2010;1955
13.10.2010;1973
14.10.2010;2020
15.10.2010;2015
18.10.2010;2085
19.10.2010;2080
20.10.2010;2120
21.10.2010;2170
22.10.2010;2100
25.10.2010;2120
26.10.2010;2140
27.10.2010;2200
28.10.2010;2180
29.10.2010;2220
01.11.2010;2180
02.11.2010;2260
03.11.2010;2000
04.11.2010;2275
05.11.2010;2315
08.11.2010;2250
09.11.2010;2250
10.11.2010;2260
11.11.2010;2234
12.11.2010;2230
15.11.2010;2210
16.11.2010;2300
17.11.2010;2360
18.11.2010;2475
19.11.2010;2335
22.11.2010;2460
23.11.2010;2410
24.11.2010;2584
25.11.2010;2544
26.11.2010;2582
29.11.2010;2975
30.11.2010;2763
01.12.2010;2675
02.12.2010;2600
03.12.2010;2565
06.12.2010;2555
07.12.2010;2450
08.12.2010;2620
09.12.2010;2575
10.12.2010;2702
13.12.2010;2692.5
14.12.2010;2722
15.12.2010;2632
16.12.2010;2463
17.12.2010;2475
20.12.2010;2486
21.12.2010;2475
22.12.2010;2420
23.12.2010;2462
24.12.2010;2475
27.12.2010;2531
28.12.2010;2528
29.12.2010;2504
30.12.2010;2450
31.12.2010;2450
03.01.2011;2425
04.01.2011;2422
05.01.2011;2472
06.01.2011;2470
07.01.2011;2486
10.01.2011;2475
11.01.2011;2391
12.01.2011;2325
13.01.2011;2313
14.01.2011;2352
17.01.2011;2263
18.01.2011;2225
19.01.2011;2153
20.01.2011;2238
21.01.2011;2292
24.01.2011;2363
25.01.2011;2427
26.01.2011;2450
27.01.2011;2450
28.01.2011;2400
31.01.2011;2340
01.02.2011;2250
02.02.2011;2185
03.02.2011;2189
04.02.2011;2288
07.02.2011;2224
08.02.2011;2055
09.02.2011;2100
10.02.2011;2104
11.02.2011;2153
14.02.2011;2100
15.02.2011;2159
16.02.2011;2158
17.02.2011;2123
18.02.2011;2135
21.02.2011;2115
22.02.2011;2150
23.02.2011;2150
24.02.2011;2125
25.02.2011;2200
28.02.2011;2150
01.03.2011;2050
02.03.2011;2050
03.03.2011;2050
04.03.2011;1977
07.03.2011;2013
08.03.2011;1982.5
09.03.2011;2016
10.03.2011;2125
11.03.2011;2100
14.03.2011;2065
15.03.2011;2121
16.03.2011;2050
17.03.2011;2075
18.03.2011;2035
21.03.2011;2010
22.03.2011;2055
23.03.2011;2075
24.03.2011;2155
25.03.2011;2055
28.03.2011;2005
29.03.2011;2075
30.03.2011;2055
31.03.2011;2030
01.04.2011;2025
04.04.2011;2000
05.04.2011;1990
06.04.2011;1980
07.04.2011;2019
08.04.2011;1995
11.04.2011;1990
12.04.2011;2030
13.04.2011;2060
14.04.2011;2100
15.04.2011;2119
18.04.2011;2140
19.04.2011;2175
20.04.2011;2180
21.04.2011;2210
22.04.2011;2148.33
25.04.2011;2150
26.04.2011;2180
27.04.2011;2130
28.04.2011;2200
29.04.2011;2250
02.05.2011;2260
03.05.2011;2270
04.05.2011;2250
05.05.2011;2420
06.05.2011;2410
09.05.2011;2300
10.05.2011;2495
11.05.2011;2500
12.05.2011;2580
13.05.2011;2629
16.05.2011;2649
17.05.2011;2705
18.05.2011;2675
19.05.2011;2700
20.05.2011;2655
23.05.2011;2740
24.05.2011;2670
25.05.2011;2600
26.05.2011;2616.69
27.05.2011;2614.19
30.05.2011;2660
31.05.2011;2650
01.06.2011;2620
02.06.2011;2640
03.06.2011;2500
06.06.2011;2462.3
07.06.2011;2400
08.06.2011;2480
09.06.2011;2500
10.06.2011;2470
13.06.2011;2460
14.06.2011;2550
15.06.2011;2590
16.06.2011;2695
17.06.2011;2610
20.06.2011;2640
21.06.2011;2600
22.06.2011;2635
23.06.2011;2715
24.06.2011;2690
27.06.2011;2652.3
28.06.2011;2657.6
29.06.2011;2652.69
30.06.2011;2635.9
01.07.2011;2626
04.07.2011;2595
05.07.2011;2605
06.07.2011;2590
07.07.2011;2610
08.07.2011;2555
11.07.2011;2560
12.07.2011;2580
13.07.2011;2600
14.07.2011;2610
15.07.2011;2650
18.07.2011;2687
19.07.2011;2665.4
20.07.2011;2646.99
21.07.2011;2698.02
22.07.2011;2645
25.07.2011;2685
26.07.2011;2675.4
27.07.2011;2707.4
28.07.2011;2758.02
29.07.2011;2695
01.08.2011;2640
02.08.2011;2632.6
03.08.2011;2736.29
04.08.2011;2760
05.08.2011;2800
08.08.2011;3172.71
09.08.2011;3420
10.08.2011;3525
11.08.2011;3315
12.08.2011;3075
15.08.2011;2998
16.08.2011;2955.2
17.08.2011;2951.8
18.08.2011;3268.02
19.08.2011;3195
22.08.2011;3081.99
23.08.2011;3187.6
24.08.2011;3151.69
25.08.2011;3253.02
26.08.2011;3230
29.08.2011;3215
30.08.2011;3195
31.08.2011;3025
01.09.2011;3003.24
02.09.2011;3140
05.09.2011;3207.92
06.09.2011;3227.71
07.09.2011;3165
08.09.2011;3152.82
09.09.2011;3235
12.09.2011;3425
13.09.2011;3635
14.09.2011;3880
15.09.2011;4015
16.09.2011;4090
19.09.2011;4427.6
20.09.2011;4387.6
21.09.2011;4242.6
22.09.2011;4687.82
23.09.2011;5480
26.09.2011;6400
27.09.2011;5005
28.09.2011;4760
29.09.2011;4890
30.09.2011;5580
03.10.2011;5570
04.10.2011;5600
05.10.2011;5455
06.10.2011;4895
07.10.2011;4430
10.10.2011;4357
11.10.2011;4688
12.10.2011;4668
13.10.2011;5008
14.10.2011;4942
17.10.2011;4922
18.10.2011;5043
19.10.2011;4970
20.10.2011;5140
21.10.2011;4740
24.10.2011;4550
25.10.2011;4640
26.10.2011;4590
27.10.2011;4281.89
28.10.2011;4225
31.10.2011;4370
01.11.2011;4720
02.11.2011;4500
03.11.2011;4375
04.11.2011;4370.32
07.11.2011;4475
08.11.2011;4420
09.11.2011;4620
10.11.2011;4558.14
11.11.2011;4500
14.11.2011;4620
15.11.2011;4700
16.11.2011;4600
17.11.2011;4720.95
18.11.2011;4520
21.11.2011;4570
22.11.2011;4660
23.11.2011;4711.36
24.11.2011;4680
25.11.2011;4640
28.11.2011;4460
29.11.2011;4338.02
30.11.2011;4110
01.12.2011;4030
02.12.2011;4010
05.12.2011;3970
06.12.2011;4050
07.12.2011;4357.6
08.12.2011;4695
09.12.2011;4468.43
12.12.2011;4460
13.12.2011;4368.02
14.12.2011;4413.02
15.12.2011;4380
16.12.2011;4398.66
19.12.2011;4450
20.12.2011;4490
21.12.2011;4400
22.12.2011;4390
23.12.2011;4275
26.12.2011;4258.02
27.12.2011;4278.02
28.12.2011;4283.02
29.12.2011;4204
30.12.2011;4170
02.01.2012;4150
03.01.2012;4150
04.01.2012;4200
05.01.2012;4140
06.01.2012;4155
09.01.2012;4090
10.01.2012;4000
11.01.2012;4032.3
12.01.2012;3970
13.01.2012;4170
16.01.2012;4030
17.01.2012;3997.6
18.01.2012;4140
19.01.2012;4160
20.01.2012;4092.3
23.01.2012;3940.42
24.01.2012;4017.6
25.01.2012;4140
26.01.2012;4000
27.01.2012;3820
30.01.2012;3905
31.01.2012;3910
01.02.2012;3754.8
02.02.2012;3670
03.02.2012;3592
06.02.2012;3510
07.02.2012;3417
08.02.2012;3522
09.02.2012;3538
10.02.2012;3700
13.02.2012;3547
14.02.2012;3563.02
15.02.2012;3585
16.02.2012;3626.71
17.02.2012;3588
20.02.2012;3590
21.02.2012;3547
22.02.2012;3510
23.02.2012;3490
24.02.2012;3532
27.02.2012;3540
28.02.2012;3629
29.02.2012;3584.7
01.03.2012;3325
02.03.2012;3620
05.03.2012;3425
06.03.2012;3515
07.03.2012;3563
08.03.2012;3540
09.03.2012;3487
12.03.2012;3620
13.03.2012;3587.4
14.03.2012;3650
15.03.2012;3676.69
16.03.2012;3600
19.03.2012;3687.71
20.03.2012;3727.4
21.03.2012;3710
22.03.2012;3850
23.03.2012;3790
26.03.2012;3707.71
27.03.2012;3667.3
28.03.2012;3707.92
29.03.2012;3688.33
30.03.2012;3650
02.04.2012;3640
03.04.2012;3670
04.04.2012;3615
05.04.2012;3640
06.04.2012;3608.98
09.04.2012;3618.33
10.04.2012;3720
11.04.2012;3767.9
12.04.2012;3800
13.04.2012;3860
16.04.2012;3867.71
17.04.2012;3790
18.04.2012;3810
19.04.2012;3840
20.04.2012;3798.33
23.04.2012;3840
24.04.2012;3790
25.04.2012;3795
26.04.2012;3830.1
27.04.2012;3901
30.04.2012;3897.6
01.05.2012;3897.6
02.05.2012;3925
03.05.2012;4050
04.05.2012;3967.7
07.05.2012;4002.7
08.05.2012;4076
09.05.2012;4126.8
10.05.2012;4322
11.05.2012;4320
14.05.2012;4456
15.05.2012;4467.6
16.05.2012;4725
17.05.2012;5110
18.05.2012;5110
21.05.2012;4867.4
22.05.2012;4720
23.05.2012;5000
24.05.2012;5037.71
25.05.2012;5070
28.05.2012;5060
29.05.2012;5126
30.05.2012;5446.29
31.05.2012;5840
01.06.2012;5420
04.06.2012;5240
05.06.2012;5060
06.06.2012;4850
07.06.2012;5055
08.06.2012;5140
11.06.2012;5160
12.06.2012;5291
13.06.2012;5180
14.06.2012;5397.92
15.06.2012;5193
18.06.2012;5177.3
19.06.2012;5137.3
20.06.2012;5106
21.06.2012;5326
22.06.2012;5278.02
25.06.2012;5401
26.06.2012;5330
27.06.2012;5386
28.06.2012;5391
29.06.2012;5250
02.07.2012;5250
03.07.2012;5028.1
04.07.2012;5090
05.07.2012;5278.02
06.07.2012;5290
09.07.2012;5317.71
10.07.2012;5230
11.07.2012;5086.99
12.07.2012;5248.02
13.07.2012;5151
16.07.2012;5081
17.07.2012;5105
18.07.2012;5051
19.07.2012;5018
20.07.2012;4975
23.07.2012;5185
24.07.2012;5176
25.07.2012;5163
26.07.2012;5195
27.07.2012;4965
30.07.2012;4964
31.07.2012;4944
01.08.2012;4956
02.08.2012;5156
03.08.2012;4887
06.08.2012;4756
07.08.2012;4697
08.08.2012;4700.1
09.08.2012;4863
10.08.2012;4896
13.08.2012;4910
14.08.2012;5001
15.08.2012;4977
16.08.2012;5005
17.08.2012;4875
20.08.2012;4951
21.08.2012;4907
22.08.2012;4922
23.08.2012;4977
24.08.2012;4900
27.08.2012;4914
28.08.2012;4842
29.08.2012;4888
30.08.2012;4913
31.08.2012;4715
03.09.2012;4681
04.09.2012;4538
05.09.2012;4570
06.09.2012;4514
07.09.2012;4433
10.09.2012;4462
11.09.2012;4452
12.09.2012;4387
13.09.2012;4450
14.09.2012;4326
17.09.2012;4383
18.09.2012;4532
19.09.2012;4650
20.09.2012;4610
21.09.2012;4460
24.09.2012;4540
25.09.2012;4458
26.09.2012;4600
27.09.2012;4560
28.09.2012;5038
01.10.2012;4912
02.10.2012;4888
03.10.2012;4787
04.10.2012;4727
05.10.2012;4448
08.10.2012;4482
09.10.2012;4574
10.10.2012;4563
11.10.2012;4678
12.10.2012;4600
15.10.2012;4670
16.10.2012;4618
17.10.2012;4588
18.10.2012;4735
19.10.2012;4567
22.10.2012;4635
23.10.2012;4770
24.10.2012;4737
25.10.2012;4875
26.10.2012;4743.5
29.10.2012;4712
30.10.2012;4730
31.10.2012;4680
01.11.2012;4860
02.11.2012;4718
05.11.2012;4775
06.11.2012;4750
07.11.2012;4710
08.11.2012;4750
09.11.2012;4675
12.11.2012;4656
13.11.2012;4742
14.11.2012;4795
15.11.2012;5011
16.11.2012;4841
19.11.2012;4747
20.11.2012;4662
21.11.2012;4686
22.11.2012;4696
23.11.2012;4603
26.11.2012;4542
27.11.2012;4513
28.11.2012;4520
29.11.2012;4393
30.11.2012;4482
03.12.2012;4437
04.12.2012;4549
05.12.2012;4512
06.12.2012;4503
07.12.2012;4487
10.12.2012;4377
11.12.2012;4440
12.12.2012;4423
13.12.2012;4433
14.12.2012;4506
17.12.2012;4462
18.12.2012;4510
19.12.2012;4450
20.12.2012;4488
21.12.2012;4583
24.12.2012;4551
25.12.2012;4543
26.12.2012;4525
27.12.2012;4490
28.12.2012;4473
31.12.2012;4488
01.01.2013;4489
02.01.2013;4468
03.01.2013;4412
04.01.2013;4472
07.01.2013;4462
08.01.2013;4442
09.01.2013;4362
10.01.2013;4165
11.01.2013;4271.99
14.01.2013;4262
15.01.2013;4303
16.01.2013;4300
17.01.2013;4308
18.01.2013;4314
21.01.2013;4301
22.01.2013;4273
23.01.2013;4219
24.01.2013;4204
25.01.2013;4270
28.01.2013;4313
29.01.2013;4257
30.01.2013;4193
31.01.2013;4435
01.02.2013;4244.49
04.02.2013;4243
05.02.2013;4251
06.02.2013;4223
07.02.2013;4203
08.02.2013;4248
11.02.2013;4202
12.02.2013;4174
13.02.2013;4176
14.02.2013;4212
15.02.2013;4295
18.02.2013;4282
19.02.2013;4252
20.02.2013;4229
21.02.2013;4331
22.02.2013;4499
25.02.2013;4451
26.02.2013;4418
27.02.2013;4356
28.02.2013;4563
01.03.2013;4543
04.03.2013;4558
05.03.2013;4624
06.03.2013;4683
07.03.2013;4653
08.03.2013;4700
11.03.2013;4709
12.03.2013;4649
13.03.2013;4641
14.03.2013;4764
15.03.2013;4625
18.03.2013;4725
19.03.2013;4750
20.03.2013;4700
21.03.2013;4875
22.03.2013;4775
25.03.2013;4750
26.03.2013;4750
27.03.2013;4700
28.03.2013;4650
29.03.2013;4625
01.04.2013;4658
02.04.2013;4650
03.04.2013;4800
04.04.2013;4750
05.04.2013;4725
08.04.2013;4650
09.04.2013;4675
10.04.2013;4625
11.04.2013;4567
12.04.2013;4600
15.04.2013;4700
16.04.2013;4650
17.04.2013;4775
18.04.2013;4700
19.04.2013;4700
22.04.2013;4750
23.04.2013;4750
24.04.2013;4725
25.04.2013;4675
26.04.2013;4725
29.04.2013;4775
30.04.2013;4775
01.05.2013;4800
02.05.2013;4825
03.05.2013;4800
06.05.2013;4800
07.05.2013;4750
08.05.2013;4750
09.05.2013;4750
10.05.2013;4800
13.05.2013;4800
14.05.2013;4800
15.05.2013;4850
16.05.2013;4976
17.05.2013;4900
20.05.2013;4875
21.05.2013;4875
22.05.2013;4900
23.05.2013;5050
24.05.2013;4917
27.05.2013;4925
28.05.2013;4900
29.05.2013;4975
30.05.2013;4975
31.05.2013;5025
03.06.2013;5025
04.06.2013;5023
05.06.2013;5050
06.06.2013;5150
07.06.2013;5060
10.06.2013;5000
11.06.2013;5050
12.06.2013;5043
13.06.2013;5075
14.06.2013;4950
17.06.2013;4950
18.06.2013;5050
19.06.2013;5125
20.06.2013;5350
21.06.2013;5271
24.06.2013;5325
25.06.2013;5325
26.06.2013;5352
27.06.2013;5400
28.06.2013;5250
01.07.2013;5225
02.07.2013;5200
03.07.2013;5306
04.07.2013;5300
05.07.2013;5150
08.07.2013;5114
09.07.2013;5103
10.07.2013;5125
11.07.2013;5200
12.07.2013;4975
15.07.2013;4977
16.07.2013;4950
17.07.2013;4950
18.07.2013;5000
19.07.2013;4875
22.07.2013;4875
23.07.2013;4850
24.07.2013;4875
25.07.2013;5050
26.07.2013;4925
29.07.2013;4925
30.07.2013;4950
31.07.2013;4975
01.08.2013;5125
02.08.2013;4950
05.08.2013;4925
06.08.2013;4900
07.08.2013;4925
08.08.2013;4975
09.08.2013;4850
12.08.2013;4875
13.08.2013;4925
14.08.2013;4975
15.08.2013;5075
16.08.2013;4950
19.08.2013;5000
20.08.2013;4975
21.08.2013;5000
22.08.2013;5150
23.08.2013;5025
26.08.2013;5000
27.08.2013;5100
28.08.2013;5050
29.08.2013;5000
30.08.2013;4975
02.09.2013;5000
03.09.2013;5000
04.09.2013;5025
05.09.2013;5100
06.09.2013;5075
09.09.2013;5050
10.09.2013;5040
11.09.2013;4975
12.09.2013;4900
13.09.2013;4900
16.09.2013;4875
17.09.2013;4905
18.09.2013;4858
19.09.2013;4780
20.09.2013;4825
23.09.2013;4775
24.09.2013;4875
25.09.2013;4900
26.09.2013;4925
27.09.2013;4900
30.09.2013;5400
01.10.2013;5275
02.10.2013;5175
03.10.2013;5100
04.10.2013;4950
07.10.2013;4875
08.10.2013;4850
09.10.2013;4925
10.10.2013;5000
11.10.2013;4900
14.10.2013;4875
15.10.2013;4875
16.10.2013;4850
17.10.2013;4975
18.10.2013;4800
21.10.2013;4825
22.10.2013;4775
23.10.2013;4775
24.10.2013;4875
25.10.2013;4800
28.10.2013;4825
29.10.2013;4837
30.10.2013;4875
31.10.2013;5025
01.11.2013;4975
04.11.2013;4975
05.11.2013;4968
06.11.2013;5000
07.11.2013;5075
08.11.2013;5025
11.11.2013;5025
12.11.2013;5075
13.11.2013;5075
14.11.2013;5240
15.11.2013;5025
18.11.2013;5020
19.11.2013;5050
20.11.2013;5125
21.11.2013;5250
22.11.2013;5125
25.11.2013;5200
26.11.2013;5135
27.11.2013;5125
28.11.2013;5125
29.11.2013;5100
02.12.2013;5067
03.12.2013;5075
04.12.2013;5025
05.12.2013;4975
06.12.2013;5050
09.12.2013;5000
10.12.2013;4950
11.12.2013;4975
12.12.2013;4997
13.12.2013;5025
16.12.2013;4975
17.12.2013;5000
18.12.2013;4985
19.12.2013;4975
20.12.2013;4975
23.12.2013;4825
24.12.2013;4800
25.12.2013;4800
26.12.2013;4800
27.12.2013;4825
30.12.2013;4825
31.12.2013;4800
01.01.2014;4825
02.01.2014;4825
03.01.2014;4825
06.01.2014;4860
07.01.2014;4825
08.01.2014;4825
09.01.2014;4850
10.01.2014;4925
13.01.2014;5000
14.01.2014;5000
15.01.2014;5025
16.01.2014;4988
17.01.2014;5100
20.01.2014;5150
21.01.2014;5175
22.01.2014;5175
23.01.2014;5225
24.01.2014;5425
27.01.2014;5500
28.01.2014;5525
29.01.2014;5938
30.01.2014;6300
31.01.2014;6620
03.02.2014;6380
04.02.2014;5980
05.02.2014;5633
06.02.2014;5483
07.02.2014;5625
10.02.2014;5650
11.02.2014;5775
12.02.2014;5658
13.02.2014;5875
14.02.2014;5775
17.02.2014;5785
18.02.2014;5800
19.02.2014;5950
20.02.2014;5925
21.02.2014;5950
24.02.2014;5825
25.02.2014;5825
26.02.2014;5950
27.02.2014;5975
28.02.2014;6099
03.03.2014;7875
04.03.2014;7200
05.03.2014;7225
06.03.2014;7425
07.03.2014;7475
10.03.2014;7475
11.03.2014;7975
12.03.2014;8725
13.03.2014;8870
14.03.2014;9190
17.03.2014;8675
18.03.2014;8400
19.03.2014;7825
20.03.2014;8075
21.03.2014;8025
24.03.2014;7900
25.03.2014;7525
26.03.2014;7475
27.03.2014;7700
28.03.2014;7525
31.03.2014;7200
01.04.2014;7100
02.04.2014;7290
03.04.2014;7525
04.04.2014;7175
07.04.2014;7525
08.04.2014;7425
09.04.2014;7475
10.04.2014;7425
11.04.2014;7525
14.04.2014;7725
15.04.2014;8275
16.04.2014;8050
17.04.2014;7725
18.04.2014;7555
21.04.2014;7640
22.04.2014;7750
23.04.2014;7845
24.04.2014;8100
25.04.2014;8867
28.04.2014;9208
29.04.2014;8615
30.04.2014;8735
01.05.2014;8760
02.05.2014;8835
05.05.2014;8920
06.05.2014;8600
07.05.2014;8042
08.05.2014;7912
09.05.2014;7930
12.05.2014;8020
13.05.2014;7750
14.05.2014;7872
15.05.2014;7980
16.05.2014;7800
19.05.2014;7625
20.05.2014;7575
21.05.2014;7375
22.05.2014;7638
23.05.2014;7275
26.05.2014;7325
27.05.2014;7500
28.05.2014;7550
29.05.2014;7500
30.05.2014;7525
02.06.2014;7425
03.06.2014;7425
04.06.2014;7400
05.06.2014;7372
06.06.2014;7030
09.06.2014;6925
10.06.2014;6925
11.06.2014;7000
12.06.2014;6968
13.06.2014;6983
16.06.2014;7270
17.06.2014;7421
18.06.2014;7273
19.06.2014;7300
20.06.2014;7200
23.06.2014;7168
24.06.2014;6963
25.06.2014;7013
26.06.2014;7175
27.06.2014;7045
30.06.2014;7213
01.07.2014;7333
02.07.2014;7285
03.07.2014;7220
04.07.2014;7218
07.07.2014;7220
08.07.2014;7200
09.07.2014;7173
10.07.2014;7480
11.07.2014;7270
14.07.2014;7355
15.07.2014;7358
16.07.2014;7390
17.07.2014;8185
18.07.2014;7870
21.07.2014;8120
22.07.2014;8100
23.07.2014;7883
24.07.2014;8283
25.07.2014;8320
28.07.2014;8645
29.07.2014;8605
30.07.2014;8570
31.07.2014;8893
01.08.2014;8533
04.08.2014;8448
05.08.2014;8483
06.08.2014;8720
07.08.2014;9018
08.08.2014;8560
11.08.2014;8290
12.08.2014;8120
13.08.2014;8295
14.08.2014;8083
15.08.2014;7640
18.08.2014;7883
19.08.2014;7870
20.08.2014;8160
21.08.2014;7860
22.08.2014;8015
25.08.2014;7995
26.08.2014;8030
27.08.2014;7883
28.08.2014;8045
29.08.2014;8293
01.09.2014;8287
02.09.2014;8314
03.09.2014;7450
04.09.2014;7480
05.09.2014;7030
08.09.2014;7185
09.09.2014;7130
10.09.2014;7485
11.09.2014;7695
12.09.2014;7490
15.09.2014;7208
16.09.2014;6928
17.09.2014;6940
18.09.2014;7158
19.09.2014;7359
22.09.2014;7453
23.09.2014;7477
24.09.2014;7100
25.09.2014;7140
26.09.2014;7470
29.09.2014;7695
30.09.2014;8543
01.10.2014;8270
02.10.2014;8180
03.10.2014;7758
06.10.2014;7515
07.10.2014;7616
08.10.2014;7698
09.10.2014;7874
10.10.2014;8636
13.10.2014;8813
14.10.2014;9195
15.10.2014;8880
16.10.2014;9292
17.10.2014;8754
20.10.2014;8838
21.10.2014;8911
22.10.2014;9000
23.10.2014;9800
24.10.2014;9645
27.10.2014;9737
28.10.2014;10287
29.10.2014;11227
30.10.2014;11320
31.10.2014;11495
03.11.2014;12075
04.11.2014;12010
05.11.2014;11770
06.11.2014;13103
07.11.2014;14100
10.11.2014;13300
11.11.2014;13707
12.11.2014;13620
13.11.2014;14390
14.11.2014;14040
17.11.2014;13845
18.11.2014;13100
19.11.2014;12800
20.11.2014;12475
21.11.2014;12024
24.11.2014;11900
25.11.2014;12900
26.11.2014;13733
27.11.2014;13695
28.11.2014;15447
01.12.2014;16505
02.12.2014;17000
03.12.2014;17645
04.12.2014;19360
05.12.2014;23825
08.12.2014;25470
09.12.2014;32720
10.12.2014;24070
11.12.2014;20720
12.12.2014;25470
15.12.2014;27675
16.12.2014;44850
17.12.2014;49490
18.12.2014;56547
19.12.2014;41245
22.12.2014;31490
23.12.2014;33710
24.12.2014;31020
25.12.2014;32755
26.12.2014;31800
29.12.2014;33525
30.12.2014;31955
31.12.2014;31905
01.01.2015;31915
02.01.2015;35850
05.01.2015;34910
06.01.2015;41240
07.01.2015;42910
08.01.2015;33670
09.01.2015;36343
12.01.2015;36250
13.01.2015;39455
14.01.2015;30100
15.01.2015;29990
16.01.2015;32250
19.01.2015;32740
20.01.2015;31990
21.01.2015;28900
22.01.2015;25800
23.01.2015;27051
26.01.2015;29500
27.01.2015;33540
28.01.2015;35990
29.01.2015;32750
30.01.2015;28727
02.02.2015;25465
03.02.2015;24150
04.02.2015;25145
05.02.2015;25000
06.02.2015;28488
09.02.2015;26690
10.02.2015;27890
11.02.2015;27985
12.02.2015;25740
13.02.2015;24985
16.02.2015;26485
17.02.2015;25990
18.02.2015;24490
19.02.2015;24690
20.02.2015;24275
23.02.2015;26735
24.02.2015;25990
25.02.2015;26100
26.02.2015;25700
27.02.2015;21500
02.03.2015;27750
03.03.2015;27250
04.03.2015;20500
05.03.2015;25150
06.03.2015;23200
09.03.2015;23600
10.03.2015;22000
11.03.2015;22700
12.03.2015;20900
13.03.2015;20300
16.03.2015;23400
17.03.2015;23089
18.03.2015;21613
19.03.2015;22492
20.03.2015;21743
23.03.2015;21750
24.03.2015;21250
25.03.2015;20550
26.03.2015;21000
27.03.2015;21450
30.03.2015;21650
31.03.2015;21250
01.04.2015;21050
02.04.2015;20050
03.04.2015;20145
06.04.2015;19710
07.04.2015;18750
08.04.2015;18050
09.04.2015;17360
10.04.2015;16960
13.04.2015;17910
14.04.2015;17425
15.04.2015;16800
16.04.2015;16660
17.04.2015;15544
20.04.2015;18660
21.04.2015;19160
22.04.2015;18300
23.04.2015;16000
24.04.2015;15700
27.04.2015;17200
28.04.2015;17128
29.04.2015;16825
30.04.2015;15700
01.05.2015;14900
04.05.2015;15075
05.05.2015;16750
06.05.2015;17390
07.05.2015;15200
08.05.2015;15465
11.05.2015;15525
12.05.2015;15472
13.05.2015;14825
14.05.2015;15260
15.05.2015;15500
18.05.2015;15300
19.05.2015;16500
20.05.2015;16950
21.05.2015;16750
22.05.2015;16550
25.05.2015;16350
26.05.2015;16600
27.05.2015;17200
28.05.2015;18250
29.05.2015;17550
01.06.2015;17650
02.06.2015;15150
03.06.2015;17750
04.06.2015;16875
05.06.2015;19160
08.06.2015;18750
09.06.2015;18275
10.06.2015;17345
11.06.2015;17540
12.06.2015;17655
15.06.2015;17355
16.06.2015;15600
17.06.2015;15800
18.06.2015;17665
19.06.2015;16000
22.06.2015;17250
23.06.2015;17088
24.06.2015;16000
25.06.2015;17800
26.06.2015;17690
29.06.2015;17755
30.06.2015;17595
01.07.2015;17790
02.07.2015;18025
03.07.2015;17560
06.07.2015;18010
07.07.2015;16400
08.07.2015;16400
09.07.2015;18500
10.07.2015;17306
13.07.2015;17138
14.07.2015;17352
15.07.2015;17412
16.07.2015;17550
17.07.2015;16250
20.07.2015;17350
21.07.2015;15404
