Date;Swap1Y
12.01.1996;7360
15.01.1996;6710
16.01.1996;6760
17.01.1996;6730
18.01.1996;6850
19.01.1996;6750
22.01.1996;6760
23.01.1996;6510
24.01.1996;6420
25.01.1996;6330
26.01.1996;6250
29.01.1996;6280
30.01.1996;6330
31.01.1996;6110
01.02.1996;5.35
02.02.1996;5.35
05.02.1996;5.35
06.02.1996;5.4
07.02.1996;5.45
08.02.1996;5.44
09.02.1996;5.5
12.02.1996;7680
13.02.1996;7580
14.02.1996;7570
15.02.1996;7500
16.02.1996;7470
19.02.1996;7490
20.02.1996;7370
21.02.1996;7320
22.02.1996;7270
23.02.1996;7140
26.02.1996;7070
27.02.1996;6860
28.02.1996;7000
29.02.1996;6870
01.03.1996;5.52
04.03.1996;5.52
05.03.1996;5.52
06.03.1996;5.52
07.03.1996;5.52
08.03.1996;5.52
11.03.1996;6960
12.03.1996;6800
13.03.1996;6790
14.03.1996;6960
15.03.1996;6940
18.03.1996;6880
19.03.1996;6680
20.03.1996;6740
21.03.1996;6690
22.03.1996;6690
25.03.1996;6780
26.03.1996;6700
27.03.1996;6700
28.03.1996;6740
29.03.1996;6570
01.04.1996;5.52
02.04.1996;5.52
03.04.1996;5.52
04.04.1996;5.52
05.04.1996;5.52
08.04.1996;5.52
09.04.1996;6160
10.04.1996;6240
11.04.1996;6110
12.04.1996;6060
15.04.1996;6040
16.04.1996;5970
17.04.1996;5950
18.04.1996;5940
19.04.1996;5880
22.04.1996;10660
23.04.1996;10810
24.04.1996;10790
25.04.1996;10760
26.04.1996;10520
29.04.1996;10480
30.04.1996;10660
01.05.1996;6.03
02.05.1996;6.03
03.05.1996;6.03
06.05.1996;6.03
07.05.1996;6.05
08.05.1996;6.05
09.05.1996;5450
10.05.1996;10750
13.05.1996;10780
14.05.1996;10800
15.05.1996;10850
16.05.1996;11660
17.05.1996;11500
20.05.1996;11490
21.05.1996;11450
22.05.1996;11430
23.05.1996;11410
24.05.1996;12830
27.05.1996;12820
28.05.1996;12760
29.05.1996;12720
30.05.1996;12690
31.05.1996;12640
03.06.1996;6.3
04.06.1996;6.3
05.06.1996;6.3
06.06.1996;6.3
07.06.1996;6.3
10.06.1996;12440
11.06.1996;12330
12.06.1996;12320
13.06.1996;12580
14.06.1996;12290
17.06.1996;12360
18.06.1996;12610
19.06.1996;12440
20.06.1996;12320
21.06.1996;12300
24.06.1996;12280
25.06.1996;12120
26.06.1996;12050
27.06.1996;11970
28.06.1996;11840
01.07.1996;6.3
02.07.1996;6.3
03.07.1996;6.3
04.07.1996;6.3
05.07.1996;6.3
08.07.1996;6.3
09.07.1996;9270
10.07.1996;11830
11.07.1996;11770
12.07.1996;11690
15.07.1996;11750
16.07.1996;11660
17.07.1996;11510
18.07.1996;11420
19.07.1996;11340
22.07.1996;11360
23.07.1996;11350
24.07.1996;11200
25.07.1996;11260
26.07.1996;11160
29.07.1996;11160
30.07.1996;10950
31.07.1996;10910
01.08.1996;6.3
02.08.1996;6.3
05.08.1996;6.3
06.08.1996;6.3
07.08.1996;6.3
08.08.1996;6.3
09.08.1996;10210
12.08.1996;10040
13.08.1996;10110
14.08.1996;10090
15.08.1996;10040
16.08.1996;9970
19.08.1996;9970
20.08.1996;10000
21.08.1996;9830
22.08.1996;9690
23.08.1996;9630
26.08.1996;9620
27.08.1996;9460
28.08.1996;9350
29.08.1996;9400
30.08.1996;9370
02.09.1996;6.3
03.09.1996;6.3
04.09.1996;6.3
05.09.1996;6.3
06.09.1996;6.3
09.09.1996;6.3
10.09.1996;9260
11.09.1996;9240
12.09.1996;9210
13.09.1996;9150
16.09.1996;9160
17.09.1996;9100
18.09.1996;9040
19.09.1996;8990
20.09.1996;9010
23.09.1996;9050
24.09.1996;9010
25.09.1996;9040
26.09.1996;8930
27.09.1996;9030
30.09.1996;8960
01.10.1996;6.3
02.10.1996;6.3
03.10.1996;6.3
04.10.1996;6.3
07.10.1996;6.3
08.10.1996;6.3
09.10.1996;8760
10.10.1996;8690
11.10.1996;8650
14.10.1996;8650
15.10.1996;8590
16.10.1996;8620
17.10.1996;8610
18.10.1996;8630
21.10.1996;8630
22.10.1996;8620
23.10.1996;8560
24.10.1996;8530
25.10.1996;8450
28.10.1996;8480
29.10.1996;8470
30.10.1996;8430
31.10.1996;8450
01.11.1996;6.3
04.11.1996;6.3
05.11.1996;6.3
06.11.1996;6.1
07.11.1996;6.1
08.11.1996;6.1
11.11.1996;6260
12.11.1996;6210
13.11.1996;6190
14.11.1996;6180
15.11.1996;6120
18.11.1996;6120
19.11.1996;6080
20.11.1996;6050
21.11.1996;6020
22.11.1996;6020
25.11.1996;6020
26.11.1996;5990
27.11.1996;5910
28.11.1996;5880
29.11.1996;5850
02.12.1996;6.1
03.12.1996;6
04.12.1996;6
05.12.1996;6
06.12.1996;6
09.12.1996;6
10.12.1996;4740
11.12.1996;4510
12.12.1996;4500
13.12.1996;4520
16.12.1996;4540
17.12.1996;4500
18.12.1996;4480
19.12.1996;4430
20.12.1996;4370
23.12.1996;4400
24.12.1996;4330
25.12.1996;4320
26.12.1996;4290
27.12.1996;4230
30.12.1996;4180
31.12.1996;4020
02.01.1997;5.99
03.01.1997;5.99
06.01.1997;5.99
07.01.1997;5.99
08.01.1997;5.99
09.01.1997;5.99
10.01.1997;4020
13.01.1997;3910
14.01.1997;3900
15.01.1997;3830
16.01.1997;3840
17.01.1997;3800
20.01.1997;3900
21.01.1997;3800
22.01.1997;3750
23.01.1997;3710
24.01.1997;3670
27.01.1997;3690
28.01.1997;3640
29.01.1997;3570
30.01.1997;3670
31.01.1997;3560
03.02.1997;5.99
04.02.1997;5.99
05.02.1997;5.99
06.02.1997;5.99
07.02.1997;5.99
10.02.1997;3450
11.02.1997;3460
12.02.1997;3400
13.02.1997;3380
14.02.1997;3380
17.02.1997;3350
18.02.1997;3320
19.02.1997;3270
20.02.1997;3210
21.02.1997;3210
24.02.1997;3200
25.02.1997;3190
26.02.1997;3120
27.02.1997;3100
28.02.1997;3070
03.03.1997;5.99
04.03.1997;6.26
05.03.1997;6.26
06.03.1997;6.26
07.03.1997;6.26
10.03.1997;5650
11.03.1997;5710
12.03.1997;5640
13.03.1997;5560
14.03.1997;5570
17.03.1997;5580
18.03.1997;5530
19.03.1997;5430
20.03.1997;5440
21.03.1997;5510
24.03.1997;5480
25.03.1997;5390
26.03.1997;5360
27.03.1997;5310
28.03.1997;5330
31.03.1997;5320
01.04.1997;2530
02.04.1997;6.26
03.04.1997;6.26
04.04.1997;6.26
07.04.1997;6.26
08.04.1997;6.26
09.04.1997;5200
10.04.1997;5280
11.04.1997;5140
14.04.1997;5200
15.04.1997;5180
16.04.1997;5110
17.04.1997;5170
18.04.1997;5130
21.04.1997;5190
22.04.1997;5170
23.04.1997;5120
24.04.1997;5160
25.04.1997;5200
28.04.1997;5190
29.04.1997;5200
30.04.1997;5000
01.05.1997;6.26
02.05.1997;6.26
05.05.1997;6.26
06.05.1997;6.26
07.05.1997;6.26
08.05.1997;6.26
09.05.1997;5060
12.05.1997;5100
13.05.1997;5060
14.05.1997;5010
15.05.1997;5030
16.05.1997;5010
19.05.1997;5060
20.05.1997;5090
21.05.1997;5050
22.05.1997;5080
23.05.1997;5060
26.05.1997;5060
27.05.1997;5010
28.05.1997;4960
29.05.1997;4930
30.05.1997;3780
02.06.1997;6.147
03.06.1997;6.147
04.06.1997;6.147
05.06.1997;6.1
06.06.1997;6.1
09.06.1997;4990
10.06.1997;3400
11.06.1997;3380
12.06.1997;3380
13.06.1997;3480
16.06.1997;3500
17.06.1997;3490
18.06.1997;3500
19.06.1997;3500
20.06.1997;3490
23.06.1997;3500
24.06.1997;3470
25.06.1997;3460
26.06.1997;3470
27.06.1997;3440
30.06.1997;3380
01.07.1997;6.11
02.07.1997;6.11
03.07.1997;6.11
04.07.1997;6.113
07.07.1997;6.113
08.07.1997;6.113
09.07.1997;4820
10.07.1997;3450
11.07.1997;3450
14.07.1997;3470
15.07.1997;3480
16.07.1997;3300
17.07.1997;3390
18.07.1997;3390
21.07.1997;3380
22.07.1997;3350
23.07.1997;3360
24.07.1997;3270
25.07.1997;3270
28.07.1997;3250
29.07.1997;3210
30.07.1997;3200
31.07.1997;3140
01.08.1997;6.125
04.08.1997;6.125
05.08.1997;6.125
06.08.1997;6.125
07.08.1997;6.125
08.08.1997;6.2
11.08.1997;3990
12.08.1997;3960
13.08.1997;3960
14.08.1997;4010
15.08.1997;3960
18.08.1997;3990
19.08.1997;4030
20.08.1997;3990
21.08.1997;3950
22.08.1997;3950
25.08.1997;3920
26.08.1997;3880
27.08.1997;3920
28.08.1997;3870
29.08.1997;3820
01.09.1997;6.22
02.09.1997;6.22
03.09.1997;6.205
04.09.1997;6.205
05.09.1997;6.205
08.09.1997;2710
09.09.1997;2810
10.09.1997;3560
11.09.1997;3550
12.09.1997;3480
15.09.1997;3490
16.09.1997;3463
17.09.1997;3347
18.09.1997;3330
19.09.1997;3360
22.09.1997;3340
23.09.1997;3320
24.09.1997;3285
25.09.1997;3330
29.09.1997;2630
30.09.1997;3470
03.10.1997;6.2
06.10.1997;6.2
07.10.1997;6.2
08.10.1997;6.2
09.10.1997;2580
10.10.1997;2950
13.10.1997;3060
14.10.1997;2950
15.10.1997;2940
16.10.1997;2950
17.10.1997;3020
20.10.1997;3050
21.10.1997;3050
22.10.1997;3060
23.10.1997;2930
24.10.1997;2970
27.10.1997;2800
28.10.1997;2490
29.10.1997;2730
30.10.1997;2620
31.10.1997;2680
03.11.1997;6.205
04.11.1997;6.205
19.11.1997;2920
20.11.1997;2870
21.11.1997;2940
25.11.1997;3960
26.11.1997;3960
27.11.1997;3970
28.11.1997;3930
01.12.1997;2450
02.12.1997;6.42
03.12.1997;6.42
04.12.1997;6.4
05.12.1997;6.32
08.12.1997;6.28
10.12.1997;2750
11.12.1997;3520
12.12.1997;3550
15.12.1997;3700
16.12.1997;3850
17.12.1997;3870
18.12.1997;3860
19.12.1997;4450
22.12.1997;3740
23.12.1997;4650
24.12.1997;4710
25.12.1997;4780
26.12.1997;4560
29.12.1997;4380
30.12.1997;4390
31.12.1997;4330
05.01.1998;4330
06.01.1998;4315
07.01.1998;6.43
08.01.1998;4405
09.01.1998;4810
12.01.1998;4775
13.01.1998;5760
14.01.1998;5425
15.01.1998;5445
16.01.1998;5740
19.01.1998;5580
20.01.1998;5700
21.01.1998;5770
22.01.1998;6510
23.01.1998;6360
26.01.1998;6300
27.01.1998;7035
28.01.1998;6990
29.01.1998;7505
30.01.1998;7580
02.02.1998;8280
03.02.1998;7595
06.02.1998;6.8
09.02.1998;6890
10.02.1998;7130
11.02.1998;7490
13.02.1998;7555
16.02.1998;7045
17.02.1998;6955
18.02.1998;8450
19.02.1998;9005
20.02.1998;8513
23.02.1998;8430
24.02.1998;6435
25.02.1998;6455
26.02.1998;5410
27.02.1998;5520
02.03.1998;7500
03.03.1998;6.6
04.03.1998;5470
06.03.1998;6345
10.03.1998;6905
11.03.1998;3610
12.03.1998;6830
13.03.1998;5820
16.03.1998;5333
18.03.1998;5220
19.03.1998;6200
23.03.1998;7190
25.03.1998;7100
26.03.1998;6090
27.03.1998;5110
30.03.1998;5110
31.03.1998;7025
01.04.1998;6930
02.04.1998;6.8
09.04.1998;4745
20.04.1998;6585
29.04.1998;5900
30.04.1998;6710
01.05.1998;5880
06.05.1998;6.8
12.05.1998;9560
29.05.1998;9330
11.06.1998;22900
29.06.1998;5790
24.02.2000;62900
25.02.2000;62000
28.02.2000;62300
29.02.2000;62400
01.03.2000;62100
02.03.2000;56700
03.03.2000;62400
06.03.2000;51500
07.03.2000;51250
09.03.2000;48700
10.03.2000;48900
13.03.2000;51300
14.03.2000;51300
15.03.2000;51300
16.03.2000;51300
20.03.2000;51100
21.03.2000;48500
22.03.2000;48300
23.03.2000;48400
27.03.2000;48900
28.03.2000;45700
29.03.2000;46400
30.03.2000;45700
31.03.2000;46100
03.04.2000;46200
04.04.2000;46300
05.04.2000;46300
06.04.2000;46200
10.04.2000;46200
11.04.2000;46100
12.04.2000;46500
14.04.2000;46100
17.04.2000;46500
18.04.2000;46200
19.04.2000;45800
20.04.2000;43500
25.04.2000;51400
26.04.2000;51000
27.04.2000;42900
28.04.2000;43100
03.05.2000;43400
04.05.2000;43100
05.05.2000;41300
10.05.2000;41000
11.05.2000;40700
12.05.2000;35700
15.05.2000;35400
17.05.2000;35300
18.05.2000;35900
19.05.2000;38100
22.05.2000;38350
23.05.2000;38000
24.05.2000;38000
25.05.2000;38100
26.05.2000;40700
30.05.2000;40500
31.05.2000;40375
01.06.2000;40500
02.06.2000;40800
05.06.2000;40800
07.06.2000;40700
08.06.2000;40750
13.06.2000;39900
14.06.2000;38200
15.06.2000;38100
16.06.2000;21070
19.06.2000;38100
20.06.2000;35500
21.06.2000;39300
22.06.2000;35200
23.06.2000;30100
26.06.2000;32625
27.06.2000;33300
28.06.2000;33000
29.06.2000;33300
30.06.2000;33100
03.07.2000;33300
04.07.2000;33300
05.07.2000;33200
06.07.2000;32600
07.07.2000;27275
10.07.2000;24800
11.07.2000;25500
12.07.2000;17625
13.07.2000;16025
14.07.2000;20300
17.07.2000;20275
19.07.2000;17250
20.07.2000;17475
21.07.2000;20000
24.07.2000;11525
25.07.2000;11050
26.07.2000;20000
27.07.2000;11390
28.07.2000;20100
31.07.2000;22700
01.08.2000;11390
02.08.2000;11200
03.08.2000;11550
04.08.2000;14950
07.08.2000;15230
08.08.2000;15430
09.08.2000;11470
10.08.2000;15670
11.08.2000;15140
14.08.2000;11400
15.08.2000;15120
16.08.2000;14990
17.08.2000;11380
18.08.2000;11380
21.08.2000;11070
22.08.2000;15120
23.08.2000;11280
24.08.2000;11210
25.08.2000;11260
28.08.2000;11170
29.08.2000;11240
30.08.2000;11370
31.08.2000;12650
01.09.2000;11320
04.09.2000;11140
05.09.2000;7960
06.09.2000;8230
07.09.2000;15060
08.09.2000;15190
11.09.2000;17940
12.09.2000;17770
13.09.2000;17970
14.09.2000;8220
15.09.2000;7980
18.09.2000;25340
19.09.2000;25290
20.09.2000;8050
21.09.2000;8300
22.09.2000;7810
25.09.2000;20400
26.09.2000;8170
27.09.2000;8190
28.09.2000;8260
29.09.2000;18480
02.10.2000;18270
03.10.2000;8070
04.10.2000;20570
05.10.2000;21260
09.10.2000;21.229
10.10.2000;21214
11.10.2000;21169
12.10.2000;21207
13.10.2000;21184
16.10.2000;21146
17.10.2000;21146
18.10.2000;21214
19.10.2000;21222
20.10.2000;21229
23.10.2000;21222
24.10.2000;21199
25.10.2000;21214
26.10.2000;21642
27.10.2000;21580
30.10.2000;21580
31.10.2000;21604
01.11.2000;21588
08.11.2000;21526
09.11.2000;21495
13.11.2000;21511
14.11.2000;21487
15.11.2000;21472
16.11.2000;21549
20.11.2000;21573
21.11.2000;21573
22.11.2000;21635
24.11.2000;21604
27.11.2000;21596
28.11.2000;21604
29.11.2000;21596
04.12.2000;21650
05.12.2000;21650
06.12.2000;21646
08.12.2000;26922
14.12.2000;26883
18.12.2000;26917
19.12.2000;26897
20.12.2000;26912
25.12.2000;26955
26.12.2000;27075
27.12.2000;27297
28.12.2000;27508
29.12.2000;27412
04.01.2001;27316
09.01.2001;27316
10.01.2001;27345
11.01.2001;27268
12.01.2001;28302
15.01.2001;30960
16.01.2001;27277
17.01.2001;28392
18.01.2001;28337
19.01.2001;28337
22.01.2001;28382
24.01.2001;28397
25.01.2001;28357
26.01.2001;28342
30.01.2001;28377
06.02.2001;28452
08.02.2001;29233
09.02.2001;29330
12.02.2001;29356
13.02.2001;29382
14.02.2001;29366
16.02.2001;26641
19.02.2001;26632
20.02.2001;26650
21.02.2001;26627
22.02.2001;26627
23.02.2001;26641
26.02.2001;26725
27.02.2001;26692
28.02.2001;27590
01.03.2001;27564
02.03.2001;27552
05.03.2001;27574
06.03.2001;27562
07.03.2001;30288
13.03.2001;30288
14.03.2001;30293
15.03.2001;30293
16.03.2001;30288
19.03.2001;30256
21.03.2001;31213
22.03.2001;31306
23.03.2001;31350
26.03.2001;31333
27.03.2001;31355
28.03.2001;31350
29.03.2001;31360
02.04.2001;31350
03.04.2001;31453
04.04.2001;31475
05.04.2001;31469
06.04.2001;28710
10.04.2001;28645
11.04.2001;28700
12.04.2001;28695
13.04.2001;28685
17.04.2001;28735
18.04.2001;28745
19.04.2001;35094
20.04.2001;35039
27.04.2001;32259
03.05.2001;32326
04.05.2001;29594
07.05.2001;30060
08.05.2001;30034
10.05.2001;30045
14.05.2001;30128
16.05.2001;30618
17.05.2001;30644
21.05.2001;30660
22.05.2001;30639
24.05.2001;30649
30.05.2001;30670
31.05.2001;30681
01.06.2001;30712
06.06.2001;30733
07.06.2001;30718
08.06.2001;30712
13.06.2001;30660
14.06.2001;33451
15.06.2001;33462
18.06.2001;33926
20.06.2001;33950
22.06.2001;33932
29.06.2001;33932
03.07.2001;33926
10.07.2001;34089
17.07.2001;34066
19.07.2001;34136
23.07.2001;34136
24.07.2001;34124
25.07.2001;34136
26.07.2001;34078
27.07.2001;34113
30.07.2001;34113
31.07.2001;34148
01.08.2001;34206
02.08.2001;34194
03.08.2001;34206
06.08.2001;34229
07.08.2001;34183
08.08.2001;34171
09.08.2001;34206
13.08.2001;35157
16.08.2001;35181
20.08.2001;35192
22.08.2001;35181
27.08.2001;35204
28.08.2001;35181
30.08.2001;35192
31.08.2001;35252
03.09.2001;35252
05.09.2001;35300
06.09.2001;35324
07.09.2001;35300
10.09.2001;35276
11.09.2001;35300
13.09.2001;35312
17.09.2001;37577
18.09.2001;37552
19.09.2001;37564
20.09.2001;40204
21.09.2001;40177
26.09.2001;40177
04.10.2001;40293
10.10.2001;40313
11.10.2001;40327
12.10.2001;40313
15.10.2001;40300
16.10.2001;40286
17.10.2001;39316
18.10.2001;39356
19.10.2001;39342
22.10.2001;39011
24.10.2001;39037
26.10.2001;39130
29.10.2001;39222
30.10.2001;39889
31.10.2001;39836
01.11.2001;39903
02.11.2001;39943
05.11.2001;39903
06.11.2001;40237
08.11.2001;40586
09.11.2001;40559
12.11.2001;40545
13.11.2001;40586
15.11.2001;40177
20.11.2001;40627
27.11.2001;40198
29.11.2001;39848
30.11.2001;39835
03.12.2001;39862
04.12.2001;39875
05.12.2001;39875
06.12.2001;40198
07.12.2001;40212
10.12.2001;40359
11.12.2001;40400
13.12.2001;40708
14.12.2001;40668
17.12.2001;40715
18.12.2001;40695
19.12.2001;40655
20.12.2001;37701
21.12.2001;37576
25.12.2001;31573
26.12.2001;31615
27.12.2001;31657
28.12.2001;40400
03.01.2002;52903
04.01.2002;46901
08.01.2002;46962
09.01.2002;43983
10.01.2002;44243
11.01.2002;44214
16.01.2002;41334
17.01.2002;38428
18.01.2002;38416
22.01.2002;38453
23.01.2002;38416
24.01.2002;38453
25.01.2002;44519
28.01.2002;43461
29.01.2002;37491
30.01.2002;43851
31.01.2002;43851
01.02.2002;43880
04.02.2002;43930
06.02.2002;43937
08.02.2002;43923
11.02.2002;44065
13.02.2002;44094
14.02.2002;44080
15.02.2002;44123
20.02.2002;44151
21.02.2002;44137
22.02.2002;44108
26.02.2002;44194
27.02.2002;44208
04.03.2002;44323
05.03.2002;44294
07.03.2002;44337
11.03.2002;42979
12.03.2002;43020
13.03.2002;43006
14.03.2002;43034
18.03.2002;43020
19.03.2002;43089
20.03.2002;43103
21.03.2002;43089
22.03.2002;43075
25.03.2002;43117
26.03.2002;43089
27.03.2002;43075
28.03.2002;43048
29.03.2002;43186
01.04.2002;42795
03.04.2002;42822
05.04.2002;42850
09.04.2002;39784
10.04.2002;39809
12.04.2002;39784
16.04.2002;39745
17.04.2002;39733
18.04.2002;42795
22.04.2002;42781
23.04.2002;42767
26.04.2002;42822
30.04.2002;42822
06.05.2002;44269
07.05.2002;44255
08.05.2002;44241
13.05.2002;44284
14.05.2002;44312
15.05.2002;39747
16.05.2002;39411
17.05.2002;39398
20.05.2002;39392
21.05.2002;39386
22.05.2002;39398
23.05.2002;37915
27.05.2002;37939
28.05.2002;37951
29.05.2002;37963
30.05.2002;37939
31.05.2002;37963
03.06.2002;34927
05.06.2002;34938
06.06.2002;35016
10.06.2002;35027
11.06.2002;35016
13.06.2002;34994
14.06.2002;35697
17.06.2002;35708
18.06.2002;35731
20.06.2002;35742
21.06.2002;35788
25.06.2002;35765
26.06.2002;36461
27.06.2002;36438
28.06.2002;36507
01.07.2002;36519
02.07.2002;36530
22.07.2002;37242
23.07.2002;37195
24.07.2002;37230
26.07.2002;37195
29.07.2002;37148
30.07.2002;37159
31.07.2002;34124
01.08.2002;34178
02.08.2002;34189
05.08.2002;34875
06.08.2002;34864
07.08.2002;34886
08.08.2002;34930
09.08.2002;34919
12.08.2002;34886
13.08.2002;34853
14.08.2002;34886
15.08.2002;34919
16.08.2002;34875
19.08.2002;34886
20.08.2002;34908
22.08.2002;34897
26.08.2002;34908
27.08.2002;34897
29.08.2002;34908
30.08.2002;34919
03.09.2002;34963
04.09.2002;34952
09.09.2002;34963
10.09.2002;34975
11.09.2002;34986
12.09.2002;34986
13.09.2002;34275
16.09.2002;34264
17.09.2002;34254
18.09.2002;34275
19.09.2002;34278
23.09.2002;34264
24.09.2002;34275
25.09.2002;34270
26.09.2002;34273
27.09.2002;34308
30.09.2002;34340
02.10.2002;34329
04.10.2002;34319
08.10.2002;35378
09.10.2002;35381
11.10.2002;35364
14.10.2002;35370
15.10.2002;35373
16.10.2002;35375
17.10.2002;38483
18.10.2002;37775
21.10.2002;37820
22.10.2002;37817
24.10.2002;36266
25.10.2002;36289
29.10.2002;36277
31.10.2002;36317
01.11.2002;36964
04.11.2002;36961
05.11.2002;36993
11.11.2002;37022
12.11.2002;37016
13.11.2002;37022
14.11.2002;37019
15.11.2002;36667
18.11.2002;36673
20.11.2002;36664
21.11.2002;34503
22.11.2002;34492
25.11.2002;34525
27.11.2002;34338
28.11.2002;34348
02.12.2002;12.11
03.12.2002;12.08
04.12.2002;11.09
05.12.2002;10.97
06.12.2002;10.48
09.12.2002;10.02
10.12.2002;9.97
11.12.2002;9.98
17.12.2002;34164
18.12.2002;34517
19.12.2002;34514
20.12.2002;34690
23.12.2002;34647
24.12.2002;34614
25.12.2002;34636
27.12.2002;34614
30.12.2002;34647
31.12.2002;11176
08.01.2003;34718
09.01.2003;29993
10.01.2003;26861
13.01.2003;23707
15.01.2003;11141
16.01.2003;11139
17.01.2003;11141
20.01.2003;23703
21.01.2003;23701
22.01.2003;11137
23.01.2003;24043
24.01.2003;24035
27.01.2003;11132
30.01.2003;11141
31.01.2003;24053
03.02.2003;24064
04.02.2003;11142
05.02.2003;24056
10.02.2003;11139
11.02.2003;11125
12.02.2003;11078
13.02.2003;20792
17.02.2003;12984
18.02.2003;11043
19.02.2003;11050
20.02.2003;11022
21.02.2003;11040
25.02.2003;11039
26.02.2003;11062
27.02.2003;11050
28.02.2003;9100
03.03.2003;11057
04.03.2003;9104
05.03.2003;11053
06.03.2003;9103
07.03.2003;11045
11.03.2003;14187
12.03.2003;14128
13.03.2003;10469
14.03.2003;14117
17.03.2003;14123
18.03.2003;14141
19.03.2003;14128
20.03.2003;14123
21.03.2003;11689
24.03.2003;14121
25.03.2003;14776
27.03.2003;14122
31.03.2003;14121
01.04.2003;11685
02.04.2003;14078
07.04.2003;14073
08.04.2003;10109
09.04.2003;14076
10.04.2003;10106
11.04.2003;10107
14.04.2003;14040
15.04.2003;14037
16.04.2003;14033
21.04.2003;13996
22.04.2003;13994
23.04.2003;11975
24.04.2003;12000
25.04.2003;12000
28.04.2003;12720
29.04.2003;12700
30.04.2003;12670
02.05.2003;10817
05.05.2003;12680
06.05.2003;14000
07.05.2003;12700
08.05.2003;13994
12.05.2003;11875
13.05.2003;11110
14.05.2003;10390
15.05.2003;10415
16.05.2003;10325
19.05.2003;10315
20.05.2003;10330
21.05.2003;10370
22.05.2003;10400
23.05.2003;3080
26.05.2003;10325
27.05.2003;10250
28.05.2003;10200
29.05.2003;10350
30.05.2003;10275
02.06.2003;10250
03.06.2003;10250
04.06.2003;10300
05.06.2003;10300
06.06.2003;10300
09.06.2003;7950
10.06.2003;8000
11.06.2003;9500
12.06.2003;9500
13.06.2003;9500
16.06.2003;8450
17.06.2003;9262
18.06.2003;9025
19.06.2003;8260
20.06.2003;8340
23.06.2003;8300
24.06.2003;8300
25.06.2003;6475
26.06.2003;6500
27.06.2003;6550
30.06.2003;3037
01.07.2003;6600
02.07.2003;6100
03.07.2003;6250
04.07.2003;6150
07.07.2003;3032
08.07.2003;7325
09.07.2003;6000
10.07.2003;6100
11.07.2003;6050
14.07.2003;7500
15.07.2003;7500
16.07.2003;12850
17.07.2003;12850
18.07.2003;12850
21.07.2003;11186
22.07.2003;12035
23.07.2003;12000
24.07.2003;12050
25.07.2003;12050
28.07.2003;9025
29.07.2003;3024
31.07.2003;13550
01.08.2003;16600
04.08.2003;15000
05.08.2003;15050
06.08.2003;3788
07.08.2003;15250
08.08.2003;3803
11.08.2003;2276
12.08.2003;17071
13.08.2003;17043
14.08.2003;15200
15.08.2003;17026
18.08.2003;16982
19.08.2003;17073
20.08.2003;17029
21.08.2003;16883
22.08.2003;16792
25.08.2003;16885
26.08.2003;17674
27.08.2003;17696
28.08.2003;13850
29.08.2003;13850
01.09.2003;13800
02.09.2003;13800
03.09.2003;13825
04.09.2003;15550
05.09.2003;15450
08.09.2003;15400
09.09.2003;4500
10.09.2003;15350
11.09.2003;15500
12.09.2003;17800
15.09.2003;19900
16.09.2003;19950
17.09.2003;18400
18.09.2003;18500
19.09.2003;18350
22.09.2003;18350
23.09.2003;16800
24.09.2003;16750
25.09.2003;16950
26.09.2003;16925
29.09.2003;16850
30.09.2003;16900
01.10.2003;16800
02.10.2003;16650
03.10.2003;16525
06.10.2003;16500
07.10.2003;16510
08.10.2003;15000
09.10.2003;11100
10.10.2003;12200
13.10.2003;14624
14.10.2003;12200
15.10.2003;11525
16.10.2003;12250
17.10.2003;12160
20.10.2003;13550
21.10.2003;12192
22.10.2003;11569
23.10.2003;13650
24.10.2003;13550
27.10.2003;15800
28.10.2003;15800
29.10.2003;13736
30.10.2003;15900
31.10.2003;16550
03.11.2003;17200
04.11.2003;14950
05.11.2003;15000
06.11.2003;15025
10.11.2003;14350
11.11.2003;14400
12.11.2003;14400
13.11.2003;16000
14.11.2003;15194
17.11.2003;15900
18.11.2003;14350
19.11.2003;15100
20.11.2003;15150
21.11.2003;15200
24.11.2003;15184
25.11.2003;13600
26.11.2003;12850
27.11.2003;13000
28.11.2003;12900
01.12.2003;12875
02.12.2003;12900
03.12.2003;12150
04.12.2003;15133
05.12.2003;10725
08.12.2003;10600
09.12.2003;9900
10.12.2003;8400
11.12.2003;6250
12.12.2003;6250
15.12.2003;6250
16.12.2003;6175
17.12.2003;6200
18.12.2003;6250
19.12.2003;7525
22.12.2003;7450
23.12.2003;7708
24.12.2003;7180
25.12.2003;7550
26.12.2003;7600
30.12.2003;7500
31.12.2003;6987
05.01.2004;5500
06.01.2004;5450
08.01.2004;7708
09.01.2004;1150
12.01.2004;-300
13.01.2004;7616
14.01.2004;2600
15.01.2004;2600
16.01.2004;2600
19.01.2004;2550
20.01.2004;1850
21.01.2004;1800
22.01.2004;1900
27.01.2004;3200
28.01.2004;1100
29.01.2004;3275
30.01.2004;3250
02.02.2004;3250
03.02.2004;3250
04.02.2004;3200
05.02.2004;4005
06.02.2004;1150
09.02.2004;4005
10.02.2004;3306
11.02.2004;1100
12.02.2004;1200
13.02.2004;1150
16.02.2004;1100
17.02.2004;1725
18.02.2004;3303
19.02.2004;1700
20.02.2004;1903
23.02.2004;1903
24.02.2004;1150
25.02.2004;1100
26.02.2004;4025
27.02.2004;3250
01.03.2004;3250
02.03.2004;3200
03.03.2004;3315
04.03.2004;6150
05.03.2004;6100
08.03.2004;6100
09.03.2004;-3308
10.03.2004;3975
11.03.2004;4000
12.03.2004;4000
15.03.2004;4000
16.03.2004;4000
17.03.2004;4650
18.03.2004;3900
19.03.2004;3300
22.03.2004;3325
23.03.2004;1900
24.03.2004;3300
25.03.2004;3350
26.03.2004;4100
29.03.2004;4100
30.03.2004;3900
31.03.2004;3900
01.04.2004;-4007
02.04.2004;-4007
05.04.2004;5550
06.04.2004;5500
07.04.2004;5600
08.04.2004;5650
09.04.2004;4150
12.04.2004;4550
13.04.2004;4500
14.04.2004;6100
15.04.2004;5950
16.04.2004;6000
19.04.2004;7450
20.04.2004;10250
21.04.2004;10300
22.04.2004;12100
23.04.2004;13700
26.04.2004;13300
27.04.2004;13400
28.04.2004;10150
29.04.2004;13300
30.04.2004;13250
03.05.2004;13250
04.05.2004;13250
05.05.2004;13200
06.05.2004;13200
07.05.2004;13650
10.05.2004;13650
11.05.2004;10416
12.05.2004;12600
13.05.2004;14100
14.05.2004;13900
17.05.2004;12600
18.05.2004;12600
19.05.2004;12450
20.05.2004;12550
21.05.2004;12500
24.05.2004;12350
25.05.2004;12400
26.05.2004;12400
27.05.2004;12600
28.05.2004;12650
31.05.2004;12550
01.06.2004;12375
02.06.2004;12275
03.06.2004;12275
04.06.2004;12200
07.06.2004;11900
08.06.2004;12050
09.06.2004;11850
10.06.2004;11750
11.06.2004;11750
14.06.2004;11750
15.06.2004;11250
16.06.2004;11248
17.06.2004;12666
18.06.2004;12067
21.06.2004;10654
22.06.2004;11600
23.06.2004;11500
24.06.2004;10200
25.06.2004;10200
28.06.2004;11600
29.06.2004;11300
30.06.2004;11300
01.07.2004;11200
02.07.2004;11300
05.07.2004;11300
06.07.2004;11600
07.07.2004;13425
08.07.2004;14950
09.07.2004;14950
12.07.2004;12900
13.07.2004;12800
14.07.2004;8972
15.07.2004;12800
16.07.2004;12700
19.07.2004;10000
20.07.2004;11900
21.07.2004;13100
22.07.2004;13100
23.07.2004;12500
26.07.2004;12100
27.07.2004;12000
28.07.2004;12800
29.07.2004;12900
30.07.2004;7543
02.08.2004;7551
03.08.2004;13075
04.08.2004;13050
05.08.2004;13250
06.08.2004;13275
09.08.2004;13700
10.08.2004;13600
11.08.2004;13450
12.08.2004;15025
13.08.2004;14225
16.08.2004;14225
17.08.2004;14125
18.08.2004;14225
19.08.2004;14775
20.08.2004;13875
23.08.2004;13675
24.08.2004;13575
25.08.2004;13575
26.08.2004;9600
27.08.2004;13400
30.08.2004;9603
31.08.2004;9606
01.09.2004;13500
02.09.2004;13550
03.09.2004;13400
06.09.2004;12900
07.09.2004;13000
08.09.2004;12900
09.09.2004;13200
10.09.2004;12500
13.09.2004;11625
14.09.2004;11250
15.09.2004;11150
16.09.2004;12600
17.09.2004;11250
20.09.2004;11750
21.09.2004;11850
22.09.2004;11700
23.09.2004;11840
24.09.2004;10940
27.09.2004;10750
28.09.2004;11050
29.09.2004;9713
30.09.2004;10575
01.10.2004;9625
04.10.2004;9600
05.10.2004;8400
06.10.2004;7577
07.10.2004;9000
08.10.2004;6975
11.10.2004;5475
12.10.2004;5500
13.10.2004;6125
14.10.2004;4750
15.10.2004;5650
18.10.2004;4400
19.10.2004;5800
20.10.2004;5740
21.10.2004;4150
22.10.2004;4000
25.10.2004;2250
26.10.2004;4325
27.10.2004;4200
28.10.2004;4050
29.10.2004;4050
01.11.2004;4700
02.11.2004;4600
03.11.2004;4450
04.11.2004;2550
05.11.2004;1750
08.11.2004;1250
09.11.2004;2750
10.11.2004;3275
11.11.2004;4600
12.11.2004;4550
15.11.2004;4450
16.11.2004;4350
17.11.2004;3050
18.11.2004;3125
19.11.2004;3125
22.11.2004;3600
23.11.2004;3650
24.11.2004;2325
25.11.2004;2250
26.11.2004;2150
29.11.2004;3100
30.11.2004;697
01.12.2004;2000
02.12.2004;2050
03.12.2004;1250
06.12.2004;2150
07.12.2004;2150
08.12.2004;3300
09.12.2004;1233
10.12.2004;7650
13.12.2004;7550
14.12.2004;6000
15.12.2004;5300
16.12.2004;5400
17.12.2004;4550
20.12.2004;4450
21.12.2004;4650
22.12.2004;4650
23.12.2004;4700
24.12.2004;2437
27.12.2004;4650
28.12.2004;3105
29.12.2004;4650
30.12.2004;1764
31.12.2004;1758
03.01.2005;1758
04.01.2005;1758
05.01.2005;1758
06.01.2005;1758
07.01.2005;1758
10.01.2005;1758
11.01.2005;4700
12.01.2005;4675
13.01.2005;4775
14.01.2005;4500
17.01.2005;6050
18.01.2005;5350
19.01.2005;2986
20.01.2005;5450
21.01.2005;4950
24.01.2005;5025
25.01.2005;4950
26.01.2005;3975
27.01.2005;4700
28.01.2005;4100
31.01.2005;4200
01.02.2005;4100
02.02.2005;3500
03.02.2005;3400
04.02.2005;3400
07.02.2005;-250
08.02.2005;808
09.02.2005;810
10.02.2005;808
11.02.2005;-300
14.02.2005;1650
15.02.2005;1875
16.02.2005;1625
17.02.2005;1725
18.02.2005;1375
21.02.2005;
22.02.2005;250
23.02.2005;250
24.02.2005;525
25.02.2005;450
28.02.2005;600
01.03.2005;1000
02.03.2005;350
03.03.2005;850
04.03.2005;800
07.03.2005;800
08.03.2005;700
09.03.2005;700
10.03.2005;650
11.03.2005;570
14.03.2005;700
15.03.2005;650
16.03.2005;675
17.03.2005;2775
18.03.2005;2025
21.03.2005;1975
22.03.2005;1800
23.03.2005;1525
24.03.2005;2125
25.03.2005;2140
28.03.2005;3425
29.03.2005;3425
30.03.2005;3350
31.03.2005;3350
01.04.2005;3400
04.04.2005;2050
05.04.2005;2735
06.04.2005;2350
07.04.2005;2300
08.04.2005;2300
11.04.2005;2000
12.04.2005;2358
13.04.2005;1745
14.04.2005;2000
15.04.2005;1587
18.04.2005;1750
19.04.2005;2800
20.04.2005;2950
21.04.2005;2900
22.04.2005;1700
25.04.2005;1800
26.04.2005;1480
27.04.2005;1480
28.04.2005;1602
29.04.2005;1800
02.05.2005;1800
03.05.2005;1700
04.05.2005;1200
05.05.2005;1250
06.05.2005;1238
09.05.2005;1238
10.05.2005;1238
11.05.2005;1000
12.05.2005;1009
13.05.2005;1030
16.05.2005;1022
17.05.2005;1699
18.05.2005;1595
19.05.2005;1595
20.05.2005;1300
23.05.2005;2000
24.05.2005;2100
25.05.2005;2152
26.05.2005;2200
27.05.2005;2200
30.05.2005;2080
31.05.2005;1100
01.06.2005;1200
02.06.2005;1450
03.06.2005;1400
06.06.2005;1250
07.06.2005;2250
08.06.2005;1650
09.06.2005;1600
10.06.2005;1527
13.06.2005;1527
14.06.2005;2500
15.06.2005;2450
16.06.2005;2439
17.06.2005;1500
20.06.2005;1500
21.06.2005;1500
22.06.2005;2400
23.06.2005;2506
24.06.2005;2637
27.06.2005;2550
28.06.2005;2500
29.06.2005;2455
30.06.2005;2700
01.07.2005;2626
04.07.2005;1925
05.07.2005;2600
06.07.2005;2600
07.07.2005;3000
08.07.2005;2200
11.07.2005;2096
12.07.2005;2800
13.07.2005;2450
14.07.2005;2429
15.07.2005;2532
18.07.2005;2400
19.07.2005;2300
20.07.2005;2400
21.07.2005;2400
22.07.2005;2050
25.07.2005;2000
26.07.2005;2000
27.07.2005;1900
28.07.2005;1950
29.07.2005;1950
01.08.2005;1550
02.08.2005;1550
03.08.2005;1550
04.08.2005;650
05.08.2005;600
08.08.2005;600
09.08.2005;600
10.08.2005;600
11.08.2005;1150
12.08.2005;1163
15.08.2005;700
16.08.2005;800
17.08.2005;900
18.08.2005;866
19.08.2005;900
22.08.2005;700
23.08.2005;700
24.08.2005;750
25.08.2005;770
26.08.2005;850
29.08.2005;725
30.08.2005;771
31.08.2005;800
01.09.2005;800
02.09.2005;800
05.09.2005;625
06.09.2005;550
07.09.2005;400
08.09.2005;600
09.09.2005;613
12.09.2005;500
13.09.2005;
14.09.2005;150
15.09.2005;300
16.09.2005;250
19.09.2005;300
20.09.2005;300
21.09.2005;150
22.09.2005;350
23.09.2005;-175
26.09.2005;-471
27.09.2005;-523
28.09.2005;-544
29.09.2005;-587
30.09.2005;-635
03.10.2005;-858
04.10.2005;-771
05.10.2005;-1062
06.10.2005;-556
07.10.2005;-559
10.10.2005;-737
11.10.2005;-372
12.10.2005;-319
13.10.2005;-319
14.10.2005;-319
17.10.2005;482
18.10.2005;466
19.10.2005;461
20.10.2005;482
21.10.2005;422
24.10.2005;438
25.10.2005;356
26.10.2005;142
27.10.2005;190
28.10.2005;275
31.10.2005;340
01.11.2005;302
02.11.2005;260
03.11.2005;200
04.11.2005;100
07.11.2005;93
08.11.2005;-8989
09.11.2005;122
10.11.2005;199
11.11.2005;727
14.11.2005;611
15.11.2005;540
16.11.2005;550
17.11.2005;639
18.11.2005;639
21.11.2005;359
22.11.2005;391
23.11.2005;391
24.11.2005;391
25.11.2005;391
28.11.2005;1043
29.11.2005;1119
30.11.2005;937
01.12.2005;926
02.12.2005;774
05.12.2005;795
06.12.2005;680
07.12.2005;1231
08.12.2005;1321
09.12.2005;1338
12.12.2005;1230
13.12.2005;1299
14.12.2005;1955
15.12.2005;2368
16.12.2005;2288
19.12.2005;2244
20.12.2005;2184
21.12.2005;1316
22.12.2005;1372
23.12.2005;2452
26.12.2005;2378
27.12.2005;1319
28.12.2005;1449
29.12.2005;1500
30.12.2005;1400
02.01.2006;1400
03.01.2006;1300
04.01.2006;1500
05.01.2006;1600
06.01.2006;1500
09.01.2006;1400
10.01.2006;382
11.01.2006;382
12.01.2006;283
13.01.2006;549
16.01.2006;454
17.01.2006;258
18.01.2006;400
19.01.2006;350
20.01.2006;250
23.01.2006;250
24.01.2006;250
25.01.2006;188
26.01.2006;188
27.01.2006;100
30.01.2006;813
31.01.2006;800
01.02.2006;470
02.02.2006;416
03.02.2006;366
06.02.2006;250
07.02.2006;511
08.02.2006;563
09.02.2006;281
10.02.2006;159
13.02.2006;100
14.02.2006;412
15.02.2006;366
16.02.2006;311
17.02.2006;352
20.02.2006;308
21.02.2006;308
22.02.2006;308
23.02.2006;308
24.02.2006;308
27.02.2006;308
28.02.2006;437
01.03.2006;572
02.03.2006;592
03.03.2006;478
06.03.2006;381
07.03.2006;302
08.03.2006;302
09.03.2006;410
10.03.2006;410
13.03.2006;410
14.03.2006;410
15.03.2006;410
16.03.2006;410
17.03.2006;548
20.03.2006;513
21.03.2006;466
22.03.2006;638
23.03.2006;711
24.03.2006;691
27.03.2006;675
28.03.2006;673
29.03.2006;430
30.03.2006;587
31.03.2006;454
03.04.2006;350
04.04.2006;288
05.04.2006;260
06.04.2006;260
07.04.2006;370
10.04.2006;160
11.04.2006;237
12.04.2006;251
13.04.2006;251
14.04.2006;251
17.04.2006;-100
18.04.2006;224
19.04.2006;358
20.04.2006;338
21.04.2006;286
24.04.2006;160
25.04.2006;242
26.04.2006;120
27.04.2006;-92
28.04.2006;212
01.05.2006;212
02.05.2006;-13
03.05.2006;10
04.05.2006;12
05.05.2006;-604
08.05.2006;-590
09.05.2006;-562
10.05.2006;-570
11.05.2006;-914
12.05.2006;-954
15.05.2006;57
16.05.2006;140
17.05.2006;69
18.05.2006;106
19.05.2006;74
22.05.2006;86
23.05.2006;-14
24.05.2006;-14
25.05.2006;-14
26.05.2006;-14
29.05.2006;-14
30.05.2006;-14
31.05.2006;-946
01.06.2006;-858
02.06.2006;-438
05.06.2006;-340
06.06.2006;-452
07.06.2006;-512
08.06.2006;-550
09.06.2006;-450
12.06.2006;-450
13.06.2006;-450
14.06.2006;-476
15.06.2006;-668
16.06.2006;-688
19.06.2006;-735
20.06.2006;-727
21.06.2006;-776
22.06.2006;-776
23.06.2006;-776
26.06.2006;-776
27.06.2006;-776
28.06.2006;-776
29.06.2006;-776
30.06.2006;-776
03.07.2006;-776
04.07.2006;-776
05.07.2006;-929
06.07.2006;-1038
07.07.2006;-1013
10.07.2006;-1009
11.07.2006;-945
12.07.2006;-1013
13.07.2006;-950
14.07.2006;-750
17.07.2006;-890
18.07.2006;-890
19.07.2006;-890
20.07.2006;-890
21.07.2006;-890
24.07.2006;-1243
25.07.2006;-1300
26.07.2006;-1337
27.07.2006;-1337
28.07.2006;-1337
31.07.2006;-1337
01.08.2006;-1200
02.08.2006;-1150
03.08.2006;-1150
04.08.2006;-1150
07.08.2006;-1466
08.08.2006;-1466
09.08.2006;-1466
10.08.2006;-1466
11.08.2006;-1466
14.08.2006;-1466
15.08.2006;-1466
16.08.2006;-1466
17.08.2006;-1466
18.08.2006;-1466
21.08.2006;-1466
22.08.2006;-2220
23.08.2006;-2220
24.08.2006;-2220
25.08.2006;-2220
28.08.2006;-2220
29.08.2006;-2220
30.08.2006;-1085
31.08.2006;-1085
01.09.2006;-1086
04.09.2006;-2214
05.09.2006;-2125
06.09.2006;-2515
07.09.2006;-2485
08.09.2006;-2370
11.09.2006;-2470
12.09.2006;-2515
13.09.2006;-2515
14.09.2006;-2515
15.09.2006;-2515
18.09.2006;-2515
19.09.2006;-2062
20.09.2006;-2251
21.09.2006;-2147
22.09.2006;-2190
25.09.2006;-2190
26.09.2006;-2190
27.09.2006;-2190
28.09.2006;-2190
29.09.2006;-2190
02.10.2006;-2190
03.10.2006;-2190
04.10.2006;-2190
05.10.2006;-2157
06.10.2006;-1220
09.10.2006;-1488
10.10.2006;-731
11.10.2006;-1365
12.10.2006;-732
13.10.2006;-1367
16.10.2006;-1505
17.10.2006;-1462
18.10.2006;-1475
19.10.2006;-1894
20.10.2006;-1860
23.10.2006;-1247
24.10.2006;-1279
25.10.2006;-1287
26.10.2006;-1210
27.10.2006;-704
30.10.2006;692
31.10.2006;692
01.11.2006;540
02.11.2006;676
03.11.2006;575
06.11.2006;575
07.11.2006;669
08.11.2006;36
09.11.2006;-237
10.11.2006;-188
13.11.2006;-221
14.11.2006;-95
15.11.2006;-95
17.11.2006;-313
20.11.2006;
21.11.2006;410
22.11.2006;284
23.11.2006;283
24.11.2006;408
27.11.2006;406
28.11.2006;405
29.11.2006;405
30.11.2006;213
01.12.2006;175
04.12.2006;403
05.12.2006;55
06.12.2006;56
07.12.2006;23
08.12.2006;-132
11.12.2006;-299
12.12.2006;-264
13.12.2006;-394
14.12.2006;-584
15.12.2006;-717
18.12.2006;-615
19.12.2006;-610
20.12.2006;-643
21.12.2006;-600
22.12.2006;-600
25.12.2006;-218
26.12.2006;-92
27.12.2006;-91
28.12.2006;-699
29.12.2006;-793
01.01.2007;-770
02.01.2007;-825
03.01.2007;-620
04.01.2007;-594
05.01.2007;-512
08.01.2007;-651
09.01.2007;-730
10.01.2007;-713
11.01.2007;-675
12.01.2007;-850
15.01.2007;-939
16.01.2007;-875
17.01.2007;-892
18.01.2007;-838
19.01.2007;-895
22.01.2007;-962
23.01.2007;-987
24.01.2007;250
25.01.2007;-193
26.01.2007;-228
29.01.2007;-228
30.01.2007;-228
31.01.2007;-228
01.02.2007;510
02.02.2007;-243
05.02.2007;-1107
06.02.2007;-1070
07.02.2007;-1115
08.02.2007;-963
09.02.2007;-817
12.02.2007;-617
13.02.2007;-617
14.02.2007;-616
15.02.2007;-616
16.02.2007;-637
19.02.2007;-727
20.02.2007;-762
21.02.2007;-670
22.02.2007;-670
23.02.2007;-670
26.02.2007;-812
27.02.2007;-487
28.02.2007;-262
01.03.2007;-445
02.03.2007;-431
05.03.2007;-483
06.03.2007;60
07.03.2007;25
08.03.2007;-20
09.03.2007;-30
12.03.2007;-50
13.03.2007;74
14.03.2007;165
15.03.2007;120
16.03.2007;100
19.03.2007;140
20.03.2007;137
21.03.2007;275
22.03.2007;275
23.03.2007;98
26.03.2007;40
27.03.2007;17
28.03.2007;100
29.03.2007;178
30.03.2007;-20
02.04.2007;80
03.04.2007;-44
04.04.2007;-37
05.04.2007;-44
06.04.2007;-50
09.04.2007;160
10.04.2007;-15
11.04.2007;10
12.04.2007;-80
13.04.2007;-170
16.04.2007;-190
17.04.2007;-179
18.04.2007;-180
19.04.2007;-210
20.04.2007;-211
23.04.2007;-331
24.04.2007;-578
25.04.2007;-493
26.04.2007;-426
27.04.2007;-379
30.04.2007;-68
01.05.2007;-306
02.05.2007;-436
03.05.2007;-375
04.05.2007;-511
07.05.2007;-479
08.05.2007;-450
09.05.2007;-531
10.05.2007;-475
11.05.2007;-371
14.05.2007;-449
15.05.2007;-469
16.05.2007;-485
17.05.2007;-622
18.05.2007;-630
21.05.2007;-902
22.05.2007;-840
23.05.2007;-719
24.05.2007;-495
25.05.2007;-915
28.05.2007;-873
29.05.2007;-818
30.05.2007;-927
31.05.2007;-985
01.06.2007;-925
04.06.2007;-907
05.06.2007;-1070
06.06.2007;-992
07.06.2007;-1016
08.06.2007;-1074
11.06.2007;-988
12.06.2007;-988
13.06.2007;-564
14.06.2007;-1030
15.06.2007;-960
18.06.2007;-996
19.06.2007;-885
20.06.2007;-903
21.06.2007;-926
22.06.2007;-720
25.06.2007;-814
26.06.2007;-945
27.06.2007;-946
28.06.2007;-899
29.06.2007;-1031
02.07.2007;-988
03.07.2007;-1137
04.07.2007;-1310
05.07.2007;-1443
06.07.2007;-1530
09.07.2007;-868
10.07.2007;-1402
11.07.2007;-1248
12.07.2007;-1226
13.07.2007;-1459
16.07.2007;-868
17.07.2007;-1387
18.07.2007;-1406
19.07.2007;-1289
20.07.2007;-1405
23.07.2007;-1249
24.07.2007;-1583
25.07.2007;-1538
26.07.2007;-1460
27.07.2007;-805
30.07.2007;-995
31.07.2007;-990
01.08.2007;-990
02.08.2007;-950
03.08.2007;-866
06.08.2007;-800
07.08.2007;-1080
08.08.2007;-951
09.08.2007;-803
10.08.2007;-780
13.08.2007;-572
14.08.2007;-186
15.08.2007;-220
16.08.2007;275
17.08.2007;320
20.08.2007;365
21.08.2007;429
22.08.2007;340
23.08.2007;399
24.08.2007;139
27.08.2007;1920.5
28.08.2007;1877
29.08.2007;1935
30.08.2007;1806.5
31.08.2007;1910
03.09.2007;1890
04.09.2007;2350
05.09.2007;2990
06.09.2007;2167
07.09.2007;1844
10.09.2007;2945
11.09.2007;2396
12.09.2007;3130
13.09.2007;3185
14.09.2007;3030
17.09.2007;3349
18.09.2007;2482
19.09.2007;3405
20.09.2007;3305
21.09.2007;3170
24.09.2007;3185
25.09.2007;3185
26.09.2007;2585
27.09.2007;2582
28.09.2007;3141
01.10.2007;4261
02.10.2007;4415
03.10.2007;4337
04.10.2007;3623
05.10.2007;4021
08.10.2007;3747
09.10.2007;3300
10.10.2007;2450
11.10.2007;3121
12.10.2007;3229
15.10.2007;1696
16.10.2007;2291
17.10.2007;2288
18.10.2007;1971
19.10.2007;2267
22.10.2007;2290
23.10.2007;2166
24.10.2007;3118
25.10.2007;3309
26.10.2007;2940
29.10.2007;2269
30.10.2007;2830
31.10.2007;2813
01.11.2007;2875
02.11.2007;2854
05.11.2007;2875
06.11.2007;2783
07.11.2007;3156
08.11.2007;3154
09.11.2007;3406
12.11.2007;3488
13.11.2007;3421
14.11.2007;3400
15.11.2007;4095.5
16.11.2007;4234
19.11.2007;4126.5
20.11.2007;4132
21.11.2007;4600.5
22.11.2007;4500
23.11.2007;4460
26.11.2007;4472.5
27.11.2007;4489
28.11.2007;4351
29.11.2007;4241.5
30.11.2007;3890
03.12.2007;3566
04.12.2007;3970
05.12.2007;3575
06.12.2007;3616.5
07.12.2007;3572.5
10.12.2007;2913
11.12.2007;2984
12.12.2007;2978
13.12.2007;3125
14.12.2007;3136.5
17.12.2007;3043
18.12.2007;3175
19.12.2007;3334
20.12.2007;3329
21.12.2007;3615
24.12.2007;3345
25.12.2007;3462
26.12.2007;3266
27.12.2007;2971
28.12.2007;2921
31.12.2007;2886
01.01.2008;2899
02.01.2008;3307
03.01.2008;3498
04.01.2008;3493
07.01.2008;3789
08.01.2008;3917
09.01.2008;3421
10.01.2008;3352
11.01.2008;3356
14.01.2008;3367
15.01.2008;3352
16.01.2008;3833
17.01.2008;3937
18.01.2008;4194
21.01.2008;4003
22.01.2008;3988
23.01.2008;5119
24.01.2008;5167
25.01.2008;4775
28.01.2008;5065
29.01.2008;4919
30.01.2008;3945
31.01.2008;5752
01.02.2008;5594
04.02.2008;5709
05.02.2008;5391
06.02.2008;6616
07.02.2008;5423
08.02.2008;7359
11.02.2008;8018
12.02.2008;7415
13.02.2008;6692
14.02.2008;7854
15.02.2008;8349
18.02.2008;8119
19.02.2008;8334
20.02.2008;6884
21.02.2008;8290
22.02.2008;7742
25.02.2008;8033
26.02.2008;7411
27.02.2008;7646
28.02.2008;8441
29.02.2008;8301
03.03.2008;9197
04.03.2008;8965
05.03.2008;8880
06.03.2008;8760
07.03.2008;9452
10.03.2008;8690
11.03.2008;8843
12.03.2008;8432
13.03.2008;9014
14.03.2008;9534
17.03.2008;9990
18.03.2008;9990
19.03.2008;9390
20.03.2008;9180
21.03.2008;9180
24.03.2008;9180
25.03.2008;8690
26.03.2008;8535
27.03.2008;8810
28.03.2008;8780
31.03.2008;8905
01.04.2008;8905
02.04.2008;8067
03.04.2008;8071
04.04.2008;7778
07.04.2008;6860
08.04.2008;6863
09.04.2008;6831
10.04.2008;8272
11.04.2008;7853
14.04.2008;9067
15.04.2008;8159
16.04.2008;8313
17.04.2008;7721
18.04.2008;7073
21.04.2008;6680
22.04.2008;5582
23.04.2008;6819
24.04.2008;5523
25.04.2008;5419
28.04.2008;5435
29.04.2008;5667
30.04.2008;6430
01.05.2008;6430
02.05.2008;6660
05.05.2008;5682
06.05.2008;5919
07.05.2008;6008
08.05.2008;4178
09.05.2008;4178
12.05.2008;5032
13.05.2008;5055
14.05.2008;5335
15.05.2008;6648
16.05.2008;6544
19.05.2008;6158
20.05.2008;6280
21.05.2008;6037
22.05.2008;6006
23.05.2008;5752
26.05.2008;5753
27.05.2008;5943
28.05.2008;5675
29.05.2008;5390
30.05.2008;5640
02.06.2008;5145
03.06.2008;4844
04.06.2008;5112
05.06.2008;5475
06.06.2008;5295
09.06.2008;4873
10.06.2008;5145
11.06.2008;5384
12.06.2008;4810
13.06.2008;4915
16.06.2008;5325
17.06.2008;5345
18.06.2008;5090
19.06.2008;5130
20.06.2008;6506
23.06.2008;5009
24.06.2008;4721
25.06.2008;4526
26.06.2008;4568
27.06.2008;4677
30.06.2008;4740
01.07.2008;4850
02.07.2008;4922
03.07.2008;4975
04.07.2008;4952
07.07.2008;4491
08.07.2008;4532
09.07.2008;4472
10.07.2008;4128
11.07.2008;4059
14.07.2008;4041
15.07.2008;4490
16.07.2008;4581
17.07.2008;4573
18.07.2008;4289
21.07.2008;3952
22.07.2008;4036
23.07.2008;3956
24.07.2008;4109
25.07.2008;4420
28.07.2008;4870
29.07.2008;5091
30.07.2008;4797
31.07.2008;4680
01.08.2008;4932
04.08.2008;4809
05.08.2008;4905
06.08.2008;4980
07.08.2008;5235
08.08.2008;6065
11.08.2008;7020
12.08.2008;5928
13.08.2008;5787
14.08.2008;6297
15.08.2008;6319
18.08.2008;6829
19.08.2008;7065
20.08.2008;6733
21.08.2008;7312
22.08.2008;7137
25.08.2008;7265
26.08.2008;7538
27.08.2008;8380
28.08.2008;8011
29.08.2008;7762
01.09.2008;7746
02.09.2008;7640
03.09.2008;8321
04.09.2008;8202
05.09.2008;9194
08.09.2008;8193
09.09.2008;9679
10.09.2008;10177
11.09.2008;10823
12.09.2008;11215
15.09.2008;12506
16.09.2008;12993
17.09.2008;11600
18.09.2008;9505
19.09.2008;10155
22.09.2008;9306
23.09.2008;6690
24.09.2008;7285
25.09.2008;8275
26.09.2008;8775
29.09.2008;10045
30.09.2008;10020
01.10.2008;9210
02.10.2008;9905
03.10.2008;9905
06.10.2008;12670
07.10.2008;12820
08.10.2008;12820
09.10.2008;12820
10.10.2008;12820
13.10.2008;15885
14.10.2008;14810
15.10.2008;16895
16.10.2008;17935
17.10.2008;17315
20.10.2008;17315
21.10.2008;17315
22.10.2008;17315
23.10.2008;17315
24.10.2008;17315
27.10.2008;65555
29.10.2008;6100
30.10.2008;46489
31.10.2008;51159
03.11.2008;51055
04.11.2008;50800
05.11.2008;44058
06.11.2008;52161
07.11.2008;47310
10.11.2008;46825
11.11.2008;63740
12.11.2008;63550
13.11.2008;65981
14.11.2008;63553
17.11.2008;76886
18.11.2008;78136
19.11.2008;79401
20.11.2008;83799
21.11.2008;89215
24.11.2008;92029
25.11.2008;88662
26.11.2008;83888
27.11.2008;73073
28.11.2008;76670
01.12.2008;75987
02.12.2008;75123
03.12.2008;75428
04.12.2008;73680
05.12.2008;75971
08.12.2008;70719
09.12.2008;63812
10.12.2008;65957
11.12.2008;69333
12.12.2008;71233
15.12.2008;70175
16.12.2008;77291
17.12.2008;76192
18.12.2008;72801
19.12.2008;72106
22.12.2008;68835
23.12.2008;61977
24.12.2008;63944
25.12.2008;63944
26.12.2008;60088
29.12.2008;63616
30.12.2008;64093
31.12.2008;73529
01.01.2009;73563
02.01.2009;73956
05.01.2009;73956
06.01.2009;64960
07.01.2009;64960
08.01.2009;68275
09.01.2009;68275
12.01.2009;68231
13.01.2009;78846
14.01.2009;89248
15.01.2009;89440
16.01.2009;91143
19.01.2009;92360
20.01.2009;80334
21.01.2009;77835
22.01.2009;63918
23.01.2009;66877
26.01.2009;65206
27.01.2009;66529
28.01.2009;64260
29.01.2009;77902
30.01.2009;84084
02.02.2009;81312
03.02.2009;83213
04.02.2009;79889
05.02.2009;77743
06.02.2009;73870
09.02.2009;70965
10.02.2009;72957
11.02.2009;74348
12.02.2009;77765
13.02.2009;77022
16.02.2009;79922
17.02.2009;89544
18.02.2009;87689
19.02.2009;83881
20.02.2009;85999
23.02.2009;81170
24.02.2009;85230
25.02.2009;83307
26.02.2009;79590
27.02.2009;78100
02.03.2009;80585
03.03.2009;80873
04.03.2009;78717
05.03.2009;76945
06.03.2009;77526
09.03.2009;79375
10.03.2009;72246
11.03.2009;68112
12.03.2009;66205
13.03.2009;58630
16.03.2009;54699
17.03.2009;53769
18.03.2009;54958
19.03.2009;48996
20.03.2009;47957
23.03.2009;46425
24.03.2009;46083
25.03.2009;47584
26.03.2009;45651
27.03.2009;46952
30.03.2009;49130
31.03.2009;48620
01.04.2009;48225
02.04.2009;44000
03.04.2009;41780
06.04.2009;41174
07.04.2009;44219
08.04.2009;44835
09.04.2009;43192
10.04.2009;43962
13.04.2009;43777
14.04.2009;39990
15.04.2009;40300
16.04.2009;38425
17.04.2009;36850
20.04.2009;44488
21.04.2009;45184
22.04.2009;44092
23.04.2009;41374
24.04.2009;40844
27.04.2009;41800
28.04.2009;41800
29.04.2009;37800
30.04.2009;38820
01.05.2009;38820
04.05.2009;36053
05.05.2009;34276
06.05.2009;33986
07.05.2009;33142
08.05.2009;32833
11.05.2009;31190
12.05.2009;29317
13.05.2009;29345
14.05.2009;30594
15.05.2009;30448
18.05.2009;30650
19.05.2009;29500
20.05.2009;27616
21.05.2009;30307
22.05.2009;28952
25.05.2009;29860
26.05.2009;30502
27.05.2009;30485
28.05.2009;31313
29.05.2009;30840
01.06.2009;29394
02.06.2009;30683
03.06.2009;33798
04.06.2009;33028
05.06.2009;31436
08.06.2009;35574
09.06.2009;32897
10.06.2009;31438
11.06.2009;31400
12.06.2009;32000
15.06.2009;33520
16.06.2009;33395
17.06.2009;33100
18.06.2009;32875
19.06.2009;32256
22.06.2009;35202
23.06.2009;35239
24.06.2009;33517
25.06.2009;34125
26.06.2009;34566
29.06.2009;34650
30.06.2009;34240
01.07.2009;33600
02.07.2009;35096
03.07.2009;34049
06.07.2009;35518
07.07.2009;37250
08.07.2009;38852
09.07.2009;39088
10.07.2009;43621
13.07.2009;45049
14.07.2009;40026
15.07.2009;39300
16.07.2009;38700
17.07.2009;40310
20.07.2009;35800
21.07.2009;35900
22.07.2009;37000
23.07.2009;37000
24.07.2009;35600
27.07.2009;35075
28.07.2009;35400
29.07.2009;36900
30.07.2009;35100
31.07.2009;35845
03.08.2009;32755
04.08.2009;34476
05.08.2009;34485
06.08.2009;33097
07.08.2009;33348
10.08.2009;32674
11.08.2009;35389
12.08.2009;33863
13.08.2009;33863
14.08.2009;34508
17.08.2009;34626
18.08.2009;34825
19.08.2009;34130
20.08.2009;33593
21.08.2009;33579
24.08.2009;33066
25.08.2009;33750
26.08.2009;33650
27.08.2009;33075
28.08.2009;32777
31.08.2009;33300
01.09.2009;33134
02.09.2009;33468
03.09.2009;32973
04.09.2009;31674
07.09.2009;31311
08.09.2009;31200
09.09.2009;28956
10.09.2009;30332
11.09.2009;29071
14.09.2009;29770
15.09.2009;29503
16.09.2009;28765
17.09.2009;28321
18.09.2009;28606
21.09.2009;29315
22.09.2009;28644
23.09.2009;29653
24.09.2009;30358
25.09.2009;28756
28.09.2009;28565
29.09.2009;27411
30.09.2009;26506
01.10.2009;25796
02.10.2009;26159
05.10.2009;25028
06.10.2009;23226
07.10.2009;22469
08.10.2009;21926
09.10.2009;22589
12.10.2009;22096
13.10.2009;21729
14.10.2009;20452
15.10.2009;21910
16.10.2009;20911
19.10.2009;20644
20.10.2009;19888
21.10.2009;19200
22.10.2009;19665
23.10.2009;19350
26.10.2009;19973
27.10.2009;20700
28.10.2009;22120
29.10.2009;19484
30.10.2009;21300
02.11.2009;20950
03.11.2009;21512
04.11.2009;20068
05.11.2009;20373
06.11.2009;20180
09.11.2009;19058
10.11.2009;18724
11.11.2009;17500
12.11.2009;18400
13.11.2009;18429
16.11.2009;17700
17.11.2009;17679
18.11.2009;17308
19.11.2009;18577
20.11.2009;18635
23.11.2009;18113
24.11.2009;19375
25.11.2009;19173
26.11.2009;20000
27.11.2009;19718
30.11.2009;19222
01.12.2009;18700
02.12.2009;18850
03.12.2009;18877
04.12.2009;17862
07.12.2009;19811
08.12.2009;19708
09.12.2009;20317
10.12.2009;19073
11.12.2009;19117
14.12.2009;18062
15.12.2009;18442
16.12.2009;18285
17.12.2009;18742
18.12.2009;18678
21.12.2009;17199
22.12.2009;17623
23.12.2009;17341
24.12.2009;17932
25.12.2009;16900
28.12.2009;16900
29.12.2009;17000
30.12.2009;17000
31.12.2009;16800
01.01.2010;16800
04.01.2010;17151
05.01.2010;17003
06.01.2010;16653
07.01.2010;16654
08.01.2010;16654
11.01.2010;14900
12.01.2010;15179
13.01.2010;14950
14.01.2010;15100
15.01.2010;14400
18.01.2010;16500
19.01.2010;16500
20.01.2010;15788
21.01.2010;15500
22.01.2010;17000
25.01.2010;16299
26.01.2010;16835
27.01.2010;17423
28.01.2010;16619
29.01.2010;16400
01.02.2010;15555
02.02.2010;15418
03.02.2010;16050
04.02.2010;18380
05.02.2010;18491
08.02.2010;16628
09.02.2010;16531
10.02.2010;16384
11.02.2010;16438
12.02.2010;16425
15.02.2010;16409
16.02.2010;15964
17.02.2010;15344
18.02.2010;14895
19.02.2010;14925
22.02.2010;12937
23.02.2010;13444
24.02.2010;14517
25.02.2010;14462
26.02.2010;14370
01.03.2010;14080
02.03.2010;13761
03.03.2010;13721
04.03.2010;13630
05.03.2010;13125
08.03.2010;13103
09.03.2010;12657
10.03.2010;11716
11.03.2010;11875
12.03.2010;11623
15.03.2010;12327
16.03.2010;11788
17.03.2010;11154
18.03.2010;11132
19.03.2010;10979
22.03.2010;11994
23.03.2010;11881
24.03.2010;12101
25.03.2010;10970
26.03.2010;11575
29.03.2010;11484
30.03.2010;11035
31.03.2010;10881
01.04.2010;10450
02.04.2010;11065
05.04.2010;10207
06.04.2010;10596
07.04.2010;10160
08.04.2010;10346
09.04.2010;10126
12.04.2010;9761
13.04.2010;10025
14.04.2010;10154
15.04.2010;10518
16.04.2010;10758
19.04.2010;11322
20.04.2010;11227
21.04.2010;10932
22.04.2010;11494
23.04.2010;11431
26.04.2010;11579
27.04.2010;12600
28.04.2010;12446
29.04.2010;11922
30.04.2010;11593
03.05.2010;11355
04.05.2010;11762
05.05.2010;12665
06.05.2010;14645
07.05.2010;14838
10.05.2010;12100
11.05.2010;11395
12.05.2010;11479
13.05.2010;11250
14.05.2010;11950
17.05.2010;11800
18.05.2010;11650
19.05.2010;12200
20.05.2010;13300
21.05.2010;11925
24.05.2010;11950
25.05.2010;12450
26.05.2010;11700
27.05.2010;11550
28.05.2010;11300
31.05.2010;11400
01.06.2010;10708
02.06.2010;9750
03.06.2010;10500
04.06.2010;10893
07.06.2010;11573
08.06.2010;11216
09.06.2010;10550
10.06.2010;10205
11.06.2010;10050
14.06.2010;10085
15.06.2010;9703
16.06.2010;9950
17.06.2010;10250
18.06.2010;9736
21.06.2010;10000
22.06.2010;10582
23.06.2010;10700
24.06.2010;10750
25.06.2010;11300
28.06.2010;11150
29.06.2010;10693
30.06.2010;10450
01.07.2010;10750
02.07.2010;10500
05.07.2010;10650
06.07.2010;10400
07.07.2010;10450
08.07.2010;10084
09.07.2010;10200
12.07.2010;10350
13.07.2010;10400
14.07.2010;10450
15.07.2010;11598
16.07.2010;11150
19.07.2010;11225
20.07.2010;11450
21.07.2010;11350
22.07.2010;11150
23.07.2010;10850
26.07.2010;11150
27.07.2010;11250
28.07.2010;11350
29.07.2010;11149
30.07.2010;11249
02.08.2010;10950
03.08.2010;10688
04.08.2010;10814
05.08.2010;11040
06.08.2010;11175
09.08.2010;11320
10.08.2010;11250
11.08.2010;11220
12.08.2010;10772
13.08.2010;11050
16.08.2010;11140
17.08.2010;11075
18.08.2010;10819
19.08.2010;10904
20.08.2010;10954
23.08.2010;11069
24.08.2010;11596
25.08.2010;11450
26.08.2010;11350
27.08.2010;11322
30.08.2010;11300
31.08.2010;11650
01.09.2010;11325
02.09.2010;11198
03.09.2010;11370
06.09.2010;11275
07.09.2010;11375
08.09.2010;11375
09.09.2010;11350
10.09.2010;11200
13.09.2010;11127
14.09.2010;11575
15.09.2010;11745
16.09.2010;12000
17.09.2010;11600
20.09.2010;11650
21.09.2010;12085
22.09.2010;11800
23.09.2010;11850
24.09.2010;11575
27.09.2010;11259
28.09.2010;10625
29.09.2010;11375
30.09.2010;10613
01.10.2010;11150
04.10.2010;11290
05.10.2010;10800
06.10.2010;10048
07.10.2010;11309
08.10.2010;10108
11.10.2010;10539
12.10.2010;11583
13.10.2010;10733
14.10.2010;10951
15.10.2010;11300
18.10.2010;11350
19.10.2010;11200
20.10.2010;11475
21.10.2010;11450
22.10.2010;11375
25.10.2010;11400
26.10.2010;11325
27.10.2010;11365
28.10.2010;11475
29.10.2010;11850
01.11.2010;11850
02.11.2010;11925
03.11.2010;11700
04.11.2010;11700
05.11.2010;11850
08.11.2010;11746
09.11.2010;11650
10.11.2010;11471
11.11.2010;11280
12.11.2010;11550
15.11.2010;11800
16.11.2010;11950
17.11.2010;12150
18.11.2010;12100
19.11.2010;12094
22.11.2010;12150
23.11.2010;12375
24.11.2010;12250
25.11.2010;12012
26.11.2010;12497
29.11.2010;13891
30.11.2010;12729
01.12.2010;12950
02.12.2010;12950
03.12.2010;12750
06.12.2010;12769
07.12.2010;12550
08.12.2010;13050
09.12.2010;13250
10.12.2010;13250
13.12.2010;13550
14.12.2010;12753
15.12.2010;12840
16.12.2010;13150
17.12.2010;13246
20.12.2010;13155
21.12.2010;12950
22.12.2010;13006
23.12.2010;13198
24.12.2010;13125
27.12.2010;12750
28.12.2010;12981
29.12.2010;13098
30.12.2010;12882
31.12.2010;13212
03.01.2011;12450
04.01.2011;13123
05.01.2011;13073
06.01.2011;13122
07.01.2011;13195
10.01.2011;13150
11.01.2011;12731
12.01.2011;13025
13.01.2011;13049
14.01.2011;13047
17.01.2011;12833
18.01.2011;12128
19.01.2011;12169
20.01.2011;12899
21.01.2011;13100
24.01.2011;13250
25.01.2011;13250
26.01.2011;13500
27.01.2011;13500
28.01.2011;13511
31.01.2011;13050
01.02.2011;12650
02.02.2011;12762
03.02.2011;12850
04.02.2011;11956
07.02.2011;12412
08.02.2011;12255
09.02.2011;12056
10.02.2011;12278
11.02.2011;11950
14.02.2011;11900
15.02.2011;11936
16.02.2011;11700
17.02.2011;11832
18.02.2011;11800
21.02.2011;11809
22.02.2011;11652
23.02.2011;12150
24.02.2011;12050
25.02.2011;12150
28.02.2011;11850
01.03.2011;11500
02.03.2011;11200
03.03.2011;10950
04.03.2011;11000
07.03.2011;10997
08.03.2011;10987
09.03.2011;11057
10.03.2011;11250
11.03.2011;11450
14.03.2011;11300
15.03.2011;11354
16.03.2011;11190
17.03.2011;10900
18.03.2011;10850
21.03.2011;10700
22.03.2011;10700
23.03.2011;10800
24.03.2011;11050
25.03.2011;10700
28.03.2011;10650
29.03.2011;10650
30.03.2011;10615
31.03.2011;10500
01.04.2011;10450
04.04.2011;10500
05.04.2011;10275
06.04.2011;10300
07.04.2011;10300
08.04.2011;10150
11.04.2011;9950
12.04.2011;10275
13.04.2011;10600
14.04.2011;10525
15.04.2011;10450
18.04.2011;10665
19.04.2011;10750
20.04.2011;10625
21.04.2011;10525
22.04.2011;10475
25.04.2011;10450
26.04.2011;10475
27.04.2011;11100
28.04.2011;10450
29.04.2011;10650
02.05.2011;10675
03.05.2011;10750
04.05.2011;10950
05.05.2011;11150
06.05.2011;11450
09.05.2011;11300
10.05.2011;11390
11.05.2011;11575
12.05.2011;11700
13.05.2011;11750
16.05.2011;12050
17.05.2011;12300
18.05.2011;11850
19.05.2011;11950
20.05.2011;12100
23.05.2011;12275
24.05.2011;11950
25.05.2011;11950
26.05.2011;11700
27.05.2011;11850
30.05.2011;11775
31.05.2011;11700
01.06.2011;11775
02.06.2011;11575
03.06.2011;11350
06.06.2011;11250
07.06.2011;10900
08.06.2011;11300
09.06.2011;10900
10.06.2011;11225
13.06.2011;11025
14.06.2011;11350
15.06.2011;11500
16.06.2011;11650
17.06.2011;11475
20.06.2011;11600
21.06.2011;11500
22.06.2011;11550
23.06.2011;11575
24.06.2011;11700
27.06.2011;11650
28.06.2011;11650
29.06.2011;11450
30.06.2011;11500
01.07.2011;11400
04.07.2011;11450
05.07.2011;11490
06.07.2011;11500
07.07.2011;11375
08.07.2011;11475
11.07.2011;11525
12.07.2011;11475
13.07.2011;11350
14.07.2011;11550
15.07.2011;11350
18.07.2011;11550
19.07.2011;11450
20.07.2011;11550
21.07.2011;11500
22.07.2011;11375
25.07.2011;11375
26.07.2011;11350
27.07.2011;11575
28.07.2011;11650
29.07.2011;11550
01.08.2011;11300
02.08.2011;11300
03.08.2011;11450
04.08.2011;11900
05.08.2011;12100
08.08.2011;13000
09.08.2011;14350
10.08.2011;13550
11.08.2011;13600
12.08.2011;13250
15.08.2011;12500
16.08.2011;12750
17.08.2011;12650
18.08.2011;13550
19.08.2011;13250
22.08.2011;13050
23.08.2011;12962.5
24.08.2011;13150
25.08.2011;13525
26.08.2011;13500
29.08.2011;13350
30.08.2011;13350
31.08.2011;13300
01.09.2011;13300
02.09.2011;13450
05.09.2011;13625
06.09.2011;13650
07.09.2011;13650
08.09.2011;13675
09.09.2011;13800
12.09.2011;14150
13.09.2011;14550
14.09.2011;15375
15.09.2011;15800
16.09.2011;16100
19.09.2011;17300
20.09.2011;17600
21.09.2011;17350
22.09.2011;19050
23.09.2011;20550
26.09.2011;24650
27.09.2011;19850
28.09.2011;19200
29.09.2011;19550
30.09.2011;20750
03.10.2011;20800
04.10.2011;21750
05.10.2011;21175
06.10.2011;19450
07.10.2011;18400
10.10.2011;17850
11.10.2011;18300
12.10.2011;18200
13.10.2011;18800
14.10.2011;19100
17.10.2011;19150
18.10.2011;19900
19.10.2011;19800
20.10.2011;19850
21.10.2011;19200
24.10.2011;18650
25.10.2011;18500
26.10.2011;18300
27.10.2011;16500
28.10.2011;16700
31.10.2011;17300
01.11.2011;18750
02.11.2011;18100
03.11.2011;17750
04.11.2011;17600
07.11.2011;17900
08.11.2011;17350
09.11.2011;18187.5
10.11.2011;18000
11.11.2011;17750
14.11.2011;18150
15.11.2011;18350
16.11.2011;18225
17.11.2011;17975
18.11.2011;17575
21.11.2011;17825
22.11.2011;17812.5
23.11.2011;18400
24.11.2011;18300
25.11.2011;18350
28.11.2011;17850
29.11.2011;17225
30.11.2011;16700
01.12.2011;16550
02.12.2011;16700
05.12.2011;16200
06.12.2011;16700
07.12.2011;17100
08.12.2011;17875
09.12.2011;17725
12.12.2011;17725
13.12.2011;17450
14.12.2011;17650
15.12.2011;17575
16.12.2011;17650
19.12.2011;17625
20.12.2011;17625
21.12.2011;17375
22.12.2011;17275
23.12.2011;16875
26.12.2011;16975
27.12.2011;17075
28.12.2011;17075
29.12.2011;16900
30.12.2011;16800
02.01.2012;16350
03.01.2012;16500
04.01.2012;16925
05.01.2012;16675
06.01.2012;16800
09.01.2012;17050
10.01.2012;16450
11.01.2012;16760
12.01.2012;16710
13.01.2012;17250
16.01.2012;16872.5
17.01.2012;16860
18.01.2012;16887.5
19.01.2012;16750
20.01.2012;16750
23.01.2012;16150
24.01.2012;16137.5
25.01.2012;16365
26.01.2012;16057.5
27.01.2012;15950
30.01.2012;16275
31.01.2012;15945
01.02.2012;15832.5
02.02.2012;15675
03.02.2012;15150
06.02.2012;14900
07.02.2012;14600
08.02.2012;14550
09.02.2012;14550
10.02.2012;15050
13.02.2012;14650
14.02.2012;14750
15.02.2012;14950
16.02.2012;14950
17.02.2012;14850
20.02.2012;14825
21.02.2012;14550
22.02.2012;14750
23.02.2012;14550
24.02.2012;14375
27.02.2012;14590
28.02.2012;14605
29.02.2012;14564
01.03.2012;14318
02.03.2012;14850
05.03.2012;14315
06.03.2012;14450
07.03.2012;14650
08.03.2012;14570
09.03.2012;14200
12.03.2012;14825
13.03.2012;14750
14.03.2012;14775
15.03.2012;14775
16.03.2012;14675
19.03.2012;14950
20.03.2012;15075
21.03.2012;15050
22.03.2012;15275
23.03.2012;15300
26.03.2012;15000
27.03.2012;14950
28.03.2012;15200
29.03.2012;15100
30.03.2012;14925
02.04.2012;14900
03.04.2012;14850
04.04.2012;14800
05.04.2012;15025
06.04.2012;14875
09.04.2012;15000
10.04.2012;15175
11.04.2012;15162.5
12.04.2012;15300
13.04.2012;15375
16.04.2012;15450
17.04.2012;15325
18.04.2012;15325
19.04.2012;15487.5
20.04.2012;15325
23.04.2012;15475
24.04.2012;15375
25.04.2012;15486
26.04.2012;15650
27.04.2012;15635
30.04.2012;15650
01.05.2012;15650
02.05.2012;15725
03.05.2012;15950
04.05.2012;16075
07.05.2012;16150
08.05.2012;16250
09.05.2012;16512.5
10.05.2012;16650
11.05.2012;16800
14.05.2012;17275
15.05.2012;17375
16.05.2012;18275
17.05.2012;19325
18.05.2012;19450
21.05.2012;18700
22.05.2012;18125
23.05.2012;19050
24.05.2012;18962.5
25.05.2012;19425
28.05.2012;19362.5
29.05.2012;19550
30.05.2012;20725
31.05.2012;21650
01.06.2012;20575
04.06.2012;20550
05.06.2012;19612.5
06.06.2012;19025
07.06.2012;19275
08.06.2012;19475
11.06.2012;19600
12.06.2012;20050
13.06.2012;19700
14.06.2012;20075
15.06.2012;19750
18.06.2012;19800
19.06.2012;19725
20.06.2012;19800
21.06.2012;20325
22.06.2012;20412.5
25.06.2012;20650
26.06.2012;20625
27.06.2012;20825
28.06.2012;21012.5
29.06.2012;20325
02.07.2012;20150
03.07.2012;19725
04.07.2012;19975
05.07.2012;20300
06.07.2012;20537.5
09.07.2012;20825
10.07.2012;20612.5
11.07.2012;20225
12.07.2012;20525
13.07.2012;20312.5
16.07.2012;20250
17.07.2012;20275
18.07.2012;20150
19.07.2012;19750
20.07.2012;19780
23.07.2012;20450
24.07.2012;20547.5
25.07.2012;20450
26.07.2012;20250
27.07.2012;19850
30.07.2012;19875
31.07.2012;19950
01.08.2012;20050
02.08.2012;20355
03.08.2012;19750
06.08.2012;19350
07.08.2012;19290
08.08.2012;19320
09.08.2012;19350
10.08.2012;19610
13.08.2012;19830
14.08.2012;19950
15.08.2012;19850
16.08.2012;19750
17.08.2012;19750
20.08.2012;19978
21.08.2012;19650
22.08.2012;19935
23.08.2012;19850
24.08.2012;19820
27.08.2012;19888
28.08.2012;19895
29.08.2012;19990
30.08.2012;20320
31.08.2012;19950
03.09.2012;19889
04.09.2012;19698
05.09.2012;19655
06.09.2012;19450
07.09.2012;19194
10.09.2012;19238
11.09.2012;18850
12.09.2012;18850
13.09.2012;19273
14.09.2012;18350
17.09.2012;18569
18.09.2012;18950
19.09.2012;19350
20.09.2012;19350
21.09.2012;18850
24.09.2012;18900
25.09.2012;18750
26.09.2012;19100
27.09.2012;19000
28.09.2012;19050
01.10.2012;18948
02.10.2012;18950
03.10.2012;18875
04.10.2012;18650
05.10.2012;18375
08.10.2012;18577
09.10.2012;18645
10.10.2012;18639
11.10.2012;18525
12.10.2012;18425
15.10.2012;18550
16.10.2012;18350
17.10.2012;18425
18.10.2012;18350
19.10.2012;18050
22.10.2012;18435
23.10.2012;18750
24.10.2012;18799
25.10.2012;18850
26.10.2012;18775
29.10.2012;18880
30.10.2012;18550
31.10.2012;18525
01.11.2012;18673
02.11.2012;18595
05.11.2012;18800
06.11.2012;18550
07.11.2012;18350
08.11.2012;18250
09.11.2012;18020
12.11.2012;18163
13.11.2012;18374
14.11.2012;18479
15.11.2012;18525
16.11.2012;18450
19.11.2012;18150
20.11.2012;17580
21.11.2012;17456
22.11.2012;17670
23.11.2012;17595
26.11.2012;17543
27.11.2012;17430
28.11.2012;17500
29.11.2012;17238
30.11.2012;17280
03.12.2012;17427
04.12.2012;17620
05.12.2012;17585
06.12.2012;17562
07.12.2012;17350
10.12.2012;17225
11.12.2012;17241
12.12.2012;17250
13.12.2012;17418
14.12.2012;17377
17.12.2012;17462.5
18.12.2012;17440
19.12.2012;17300
20.12.2012;17496
21.12.2012;17518
24.12.2012;17417
25.12.2012;17427
26.12.2012;17355
27.12.2012;17373
28.12.2012;17260
31.12.2012;17301
01.01.2013;17306
02.01.2013;17208
03.01.2013;17221
04.01.2013;17309
07.01.2013;17279
08.01.2013;17246
09.01.2013;17095
10.01.2013;16806
11.01.2013;17020
14.01.2013;17052
15.01.2013;17135
16.01.2013;17103
17.01.2013;17227
18.01.2013;17077
21.01.2013;17059
22.01.2013;16898
23.01.2013;16760
24.01.2013;16706
25.01.2013;16681
28.01.2013;16828
29.01.2013;16705
30.01.2013;16794
31.01.2013;17006
01.02.2013;16712.5
04.02.2013;16952
05.02.2013;17034
06.02.2013;16977
07.02.2013;17060
08.02.2013;16850
11.02.2013;16860
12.02.2013;16823
13.02.2013;16827
14.02.2013;17050
15.02.2013;16850
18.02.2013;17043
19.02.2013;16900
20.02.2013;16850
21.02.2013;17343
22.02.2013;17418
25.02.2013;17377
26.02.2013;17510
27.02.2013;17339
28.02.2013;17437
01.03.2013;17543
04.03.2013;17718
05.03.2013;17915
06.03.2013;18113
07.03.2013;18102
08.03.2013;18100
11.03.2013;18127
12.03.2013;18077
13.03.2013;18091
14.03.2013;18149
15.03.2013;17862.5
18.03.2013;18125
19.03.2013;18350
20.03.2013;18225
21.03.2013;18525
22.03.2013;18450
25.03.2013;18425
26.03.2013;18325
27.03.2013;18283
28.03.2013;18150
29.03.2013;18150
01.04.2013;18183
02.04.2013;18300
03.04.2013;18525
04.04.2013;18475
05.04.2013;18200
08.04.2013;17850
09.04.2013;17990
10.04.2013;17700
11.04.2013;17725
12.04.2013;17825
15.04.2013;17968
16.04.2013;17625
17.04.2013;18100
18.04.2013;17825
19.04.2013;17875
22.04.2013;17750
23.04.2013;17775
24.04.2013;17799
25.04.2013;17525
26.04.2013;17700
29.04.2013;17767
30.04.2013;17875
01.05.2013;18050
02.05.2013;18025
03.05.2013;18000
06.05.2013;17925
07.05.2013;17850
08.05.2013;17900
09.05.2013;17925
10.05.2013;18075
13.05.2013;18175
14.05.2013;18275
15.05.2013;18200
16.05.2013;18150
17.05.2013;18100
20.05.2013;17900
21.05.2013;17925
22.05.2013;18200
23.05.2013;18715
24.05.2013;18538
27.05.2013;18450
28.05.2013;18405
29.05.2013;18600
30.05.2013;18825
31.05.2013;19025
03.06.2013;19057
04.06.2013;18952
05.06.2013;19075
06.06.2013;18950
07.06.2013;18950
10.06.2013;19075
11.06.2013;19350
12.06.2013;19400
13.06.2013;19005
14.06.2013;18600
17.06.2013;18811
18.06.2013;18925
19.06.2013;19375
20.06.2013;19900
21.06.2013;19750
24.06.2013;20100
25.06.2013;20050
26.06.2013;19927.5
27.06.2013;19600
28.06.2013;19450
01.07.2013;19425
02.07.2013;19475
03.07.2013;19475
04.07.2013;19620
05.07.2013;19425
08.07.2013;19425
09.07.2013;19100
10.07.2013;19100
11.07.2013;19050
12.07.2013;18482.5
15.07.2013;18450
16.07.2013;18225
17.07.2013;18345
18.07.2013;18565
19.07.2013;18275
22.07.2013;18300
23.07.2013;18275
24.07.2013;18500
25.07.2013;18829
26.07.2013;18700
29.07.2013;18650
30.07.2013;18955
31.07.2013;18925
01.08.2013;19029
02.08.2013;18675
05.08.2013;18675
06.08.2013;18675
07.08.2013;18625
08.08.2013;18425
09.08.2013;18425
12.08.2013;18500
13.08.2013;18675
14.08.2013;18750
15.08.2013;18950
16.08.2013;18740
19.08.2013;18904
20.08.2013;18850
21.08.2013;18825
22.08.2013;19100
23.08.2013;18750
26.08.2013;18775
27.08.2013;19090
28.08.2013;19000
29.08.2013;19060
30.08.2013;19130
02.09.2013;19140
03.09.2013;19200
04.09.2013;19320
05.09.2013;19700
06.09.2013;19475
09.09.2013;19255
10.09.2013;19080
11.09.2013;18915
12.09.2013;18655
13.09.2013;18480
16.09.2013;18450
17.09.2013;18570
18.09.2013;18705
19.09.2013;18480
20.09.2013;18480
23.09.2013;18450
24.09.2013;18525
25.09.2013;18795
26.09.2013;19270
27.09.2013;18975
30.09.2013;19145
01.10.2013;18850
02.10.2013;18900
03.10.2013;18775
04.10.2013;18625
07.10.2013;18625
08.10.2013;18750
09.10.2013;18850
10.10.2013;18980
11.10.2013;18840
14.10.2013;18945
15.10.2013;18820
16.10.2013;18775
17.10.2013;18680
18.10.2013;18570
21.10.2013;18650
22.10.2013;18500
23.10.2013;18525
24.10.2013;18570
25.10.2013;18550
28.10.2013;18720
29.10.2013;18800
30.10.2013;18775
31.10.2013;19150
01.11.2013;19350
04.11.2013;19300
05.11.2013;19465
06.11.2013;19400
07.11.2013;19375
08.11.2013;19575
11.11.2013;19575
12.11.2013;19700
13.11.2013;19700
14.11.2013;19800
15.11.2013;19600
18.11.2013;19570
19.11.2013;19750
20.11.2013;20100
21.11.2013;20275
22.11.2013;19975
25.11.2013;20200
26.11.2013;20075
27.11.2013;20125
28.11.2013;20215
29.11.2013;20175
02.12.2013;20280
03.12.2013;20420
04.12.2013;20200
05.12.2013;20105
06.12.2013;19800
09.12.2013;19870
10.12.2013;19825
11.12.2013;19910
12.12.2013;20020
13.12.2013;19750
16.12.2013;19775
17.12.2013;19725
18.12.2013;19600
19.12.2013;19750
20.12.2013;19575
23.12.2013;19225
24.12.2013;19050
25.12.2013;19075
26.12.2013;19150
27.12.2013;19025
30.12.2013;19150
31.12.2013;19125
01.01.2014;19125
02.01.2014;19125
03.01.2014;19125
06.01.2014;19125
07.01.2014;19240
08.01.2014;19325
09.01.2014;19350
10.01.2014;19275
13.01.2014;19675
14.01.2014;19860
15.01.2014;19900
16.01.2014;20090
17.01.2014;20150
20.01.2014;20300
21.01.2014;20375
22.01.2014;20425
23.01.2014;20750
24.01.2014;21275
27.01.2014;22025
28.01.2014;22275
29.01.2014;23888
30.01.2014;25600
31.01.2014;26400
03.02.2014;25806
04.02.2014;24500
05.02.2014;23105
06.02.2014;22610
07.02.2014;22900
10.02.2014;23248
11.02.2014;23775
12.02.2014;23455
13.02.2014;24538
14.02.2014;23875
17.02.2014;24008
18.02.2014;24350
19.02.2014;24840
20.02.2014;25125
21.02.2014;24150
24.02.2014;23950
25.02.2014;24325
26.02.2014;25050
27.02.2014;25250
28.02.2014;24750
03.03.2014;30173
04.03.2014;28050
05.03.2014;28275
06.03.2014;28600
07.03.2014;29150
10.03.2014;29150
11.03.2014;29825
12.03.2014;33000
13.03.2014;34000
14.03.2014;35850
17.03.2014;33800
18.03.2014;32750
19.03.2014;30700
20.03.2014;31075
21.03.2014;31200
24.03.2014;30875
25.03.2014;30025
26.03.2014;29425
27.03.2014;29800
28.03.2014;29825
31.03.2014;28600
01.04.2014;28150
02.04.2014;28850
03.04.2014;29175
04.04.2014;28425
07.04.2014;29650
08.04.2014;29475
09.04.2014;29775
10.04.2014;29675
11.04.2014;29950
14.04.2014;30900
15.04.2014;32725
16.04.2014;31775
17.04.2014;30600
18.04.2014;29970
21.04.2014;30370
22.04.2014;30775
23.04.2014;31073
24.04.2014;32075
25.04.2014;34773
28.04.2014;35450
29.04.2014;34050
30.04.2014;33750
01.05.2014;33760
02.05.2014;34100
05.05.2014;34350
06.05.2014;33200
07.05.2014;31400
08.05.2014;30848
09.05.2014;30930
12.05.2014;31300
13.05.2014;30450
14.05.2014;30800
15.05.2014;30700
16.05.2014;30600
19.05.2014;29985
20.05.2014;29550
21.05.2014;28875
22.05.2014;29472
23.05.2014;28615
26.05.2014;28745
27.05.2014;29365
28.05.2014;29600
29.05.2014;29595
30.05.2014;29713
02.06.2014;29150
03.06.2014;29345
04.06.2014;29460
05.06.2014;28617
06.06.2014;27400
09.06.2014;27150
10.06.2014;27150
11.06.2014;27300
12.06.2014;27370
13.06.2014;27437
16.06.2014;28380
17.06.2014;28897
18.06.2014;28295
19.06.2014;28285
20.06.2014;28220
23.06.2014;27630
24.06.2014;26960
25.06.2014;26928
26.06.2014;26890
27.06.2014;26735
30.06.2014;27135
01.07.2014;27870
02.07.2014;27570
03.07.2014;27550
04.07.2014;27635
07.07.2014;27640
08.07.2014;27425
09.07.2014;27195
10.07.2014;27820
11.07.2014;27968
14.07.2014;28250
15.07.2014;28233
16.07.2014;28300
17.07.2014;30680
18.07.2014;29970
21.07.2014;30850
22.07.2014;30100
23.07.2014;30300
24.07.2014;31175
25.07.2014;31788
28.07.2014;33100
29.07.2014;33250
30.07.2014;32850
31.07.2014;33115
01.08.2014;32813
04.08.2014;32935
05.08.2014;33050
06.08.2014;33705
07.08.2014;34260
08.08.2014;34415
11.08.2014;32600
12.08.2014;32700
13.08.2014;32515
14.08.2014;31750
15.08.2014;31930
18.08.2014;31628
19.08.2014;31945
20.08.2014;32135
21.08.2014;31460
22.08.2014;31495
25.08.2014;31600
26.08.2014;31515
27.08.2014;31383
28.08.2014;32778
29.08.2014;33540
01.09.2014;33660
02.09.2014;33510
03.09.2014;31730
04.09.2014;31653
05.09.2014;30945
08.09.2014;30165
09.09.2014;30083
10.09.2014;30860
11.09.2014;31610
12.09.2014;31220
15.09.2014;31020
16.09.2014;29500
17.09.2014;29700
18.09.2014;30270
19.09.2014;30625
22.09.2014;31115
23.09.2014;30835
24.09.2014;29460
25.09.2014;30010
26.09.2014;30600
29.09.2014;31080
30.09.2014;30930
01.10.2014;30525
02.10.2014;30793
03.10.2014;30755
06.10.2014;30743
07.10.2014;31220
08.10.2014;32000
09.10.2014;32800
10.10.2014;34648
13.10.2014;35625
14.10.2014;36820
15.10.2014;35450
16.10.2014;35510
17.10.2014;34873
20.10.2014;35520
21.10.2014;35608
22.10.2014;36460
23.10.2014;38180
24.10.2014;38115
27.10.2014;38550
28.10.2014;40070
29.10.2014;41575
30.10.2014;39867
31.10.2014;41320
03.11.2014;42400
04.11.2014;42720
05.11.2014;43850
06.11.2014;47620
07.11.2014;50425
10.11.2014;48198
11.11.2014;50405
12.11.2014;49405
13.11.2014;50900
14.11.2014;51428
17.11.2014;51243
18.11.2014;48898
19.11.2014;48340
20.11.2014;45815
21.11.2014;45120
24.11.2014;44328
25.11.2014;47458
26.11.2014;49925
27.11.2014;51440
28.11.2014;56198
01.12.2014;60583
02.12.2014;64920
03.12.2014;66740
04.12.2014;75090
05.12.2014;79718
08.12.2014;92140
09.12.2014;93495
10.12.2014;79728
11.12.2014;72065
12.12.2014;82350
15.12.2014;93427
16.12.2014;131155
17.12.2014;122300
18.12.2014;134625
19.12.2014;101175
22.12.2014;80550
23.12.2014;86545
24.12.2014;84990
25.12.2014;84470
26.12.2014;85610
29.12.2014;95670
30.12.2014;90415
31.12.2014;94960
01.01.2015;94895
02.01.2015;97395
05.01.2015;102325
06.01.2015;116145
07.01.2015;116735
08.01.2015;99268
09.01.2015;101916
12.01.2015;110340
13.01.2015;122253
14.01.2015;110000
15.01.2015;110170
16.01.2015;108735
19.01.2015;112900
20.01.2015;109700
21.01.2015;104310
22.01.2015;98300
23.01.2015;94555
26.01.2015;110400
27.01.2015;109640
28.01.2015;116000
29.01.2015;113200
30.01.2015;102805
02.02.2015;93225
03.02.2015;89250
04.02.2015;92493
05.02.2015;90275
06.02.2015;93000
09.02.2015;88385
10.02.2015;93900
11.02.2015;93900
12.02.2015;91200
13.02.2015;85160
16.02.2015;85930
17.02.2015;86670
18.02.2015;84845
19.02.2015;85440
20.02.2015;85115
23.02.2015;89400
24.02.2015;87500
25.02.2015;89015
26.02.2015;90230
27.02.2015;74300
02.03.2015;97000
03.03.2015;95500
04.03.2015;94155
05.03.2015;88400
06.03.2015;82375
09.03.2015;83400
10.03.2015;83300
11.03.2015;81915
12.03.2015;78420
13.03.2015;76485
16.03.2015;82460
17.03.2015;82400
18.03.2015;81350
19.03.2015;78760
20.03.2015;79790
23.03.2015;77500
24.03.2015;76435
25.03.2015;74200
26.03.2015;75730
27.03.2015;74710
30.03.2015;77330
31.03.2015;65500
01.04.2015;65500
02.04.2015;64000
03.04.2015;72670
06.04.2015;71055
07.04.2015;68750
08.04.2015;65710
09.04.2015;62300
10.04.2015;63465
13.04.2015;60876
14.04.2015;62485
15.04.2015;59935
16.04.2015;59370
17.04.2015;65105
20.04.2015;65900
21.04.2015;67320
22.04.2015;64400
23.04.2015;62000
24.04.2015;63320
27.04.2015;63105
28.04.2015;62745
29.04.2015;60600
30.04.2015;61290
01.05.2015;61480
04.05.2015;61849
05.05.2015;59155
06.05.2015;59135
07.05.2015;61100
08.05.2015;52524
11.05.2015;63255
12.05.2015;62700
13.05.2015;61580
14.05.2015;61410
15.05.2015;59420
18.05.2015;59595
19.05.2015;59900
20.05.2015;60700
21.05.2015;59700
22.05.2015;49749
25.05.2015;50400
26.05.2015;59610
27.05.2015;62960
28.05.2015;64250
29.05.2015;52000
01.06.2015;63805
02.06.2015;50500
03.06.2015;52000
04.06.2015;55500
05.06.2015;55900
08.06.2015;68985
09.06.2015;54500
10.06.2015;54700
11.06.2015;64280
12.06.2015;64615
15.06.2015;63845
16.06.2015;63040
17.06.2015;54300
18.06.2015;62730
19.06.2015;63730
22.06.2015;63110
23.06.2015;63005
24.06.2015;62900
25.06.2015;63700
26.06.2015;60824
29.06.2015;64785
30.06.2015;56000
01.07.2015;64600
02.07.2015;64155
03.07.2015;64000
06.07.2015;65600
07.07.2015;65995
08.07.2015;56300
09.07.2015;65200
10.07.2015;63533
13.07.2015;63123
14.07.2015;62690
15.07.2015;64420
16.07.2015;63800
17.07.2015;57125
20.07.2015;64753
21.07.2015;55936
